Student_ID,Student_Name,Inter_Marks,EAMCET_Marks,EAMCET_Rank,Category,Preference_1,Preference_2,Preference_3,Preference_4,Preference_5
S0001,Aarav Patel 0001,901,138,17220,BC-B,SR University - MECH,National Institute of Technology Warangal - CIVIL,"JNTUH University College of Engineering, Palair - CSE-AIML",Keshav Memorial Institute of Technology - CSE-AIML,"JNTUH University College of Engineering, Hyderabad - CSE-AIML"
S0002,Aditya Bhat 0002,932,153,17,SC,Jayamukhi Institute of Technological Sciences - CIVIL,Sreenidhi Institute of Science and Technology - CSE-AIML,Nalgonda Institute of Technology and Science - CIVIL,Jyothishmathi Institute of Technology and Science - EEE,Vasavi College of Engineering - ECE
S0003,Akash Patel 0003,880,122,40817,BC-C,Vardhaman College of Engineering - CIVIL,Balaji Institute of Technology and Science - MECH,"JNTUH University College of Engineering, Sultanpur - CSE-AIML",Mahathma Gandhi University College of Engineering and Technology - ECE,KG Reddy College of Engineering and Technology - CSE
S0004,Akshay Sharma 0004,869,99,78034,BC-D,MLR Institute of Technology - CSE-AIML,Samskruti College of Engineering and Technology - CSE,Samskruti College of Engineering and Technology - CIVIL,Sreenidhi Institute of Science and Technology - EEE,"JNTUH University College of Engineering, Mahabubabad - ECE"
S0005,Ananya Rao 0005,895,139,13587,BC-B,Sphoorthy Engineering College - MECH,Nalla Malla Reddy Engineering College - MECH,Nalgonda Institute of Technology and Science - MECH,Guru Nanak Institutions Technical Campus - MECH,Jyothishmathi Institute of Technology and Science - CSE
S0006,Anjali Khan 0006,807,95,123737,EWS,Anurag Engineering College - EEE,Malla Reddy Engineering College - ECE,Balaji Institute of Technology and Science - CSE,"JNTUH University College of Engineering, Sultanpur - ECE","JNTUH University College of Engineering, Hyderabad - EEE"
S0007,Arjun Patel 0007,861,116,74692,OC,"JNTUH University College of Engineering, Palair - CIVIL",Jayamukhi Institute of Technological Sciences - ECE,MVSR Engineering College - CSE-AIML,Maturi Venkata Subba Rao Engineering College - MECH,"JNTUH University College of Engineering, Jagtial - CSE-AIML"
S0008,Bhavya Murthy 0008,948,133,19979,BC-D,CMR College of Engineering & Technology - MECH,"University College of Engineering, Rajanna Sircilla - EEE",Institute of Aeronautical Engineering - EEE,MLR Institute of Technology - ECE,SR University - EEE
S0009,Charan Sharma 0009,911,125,23037,BC-B,Nalgonda Institute of Technology and Science - CIVIL,CMR Technical Campus - EEE,Marri Laxman Reddy Institute of Technology and Management - ECE,Maturi Venkata Subba Rao Engineering College - EEE,Balaji Institute of Technology and Science - EEE
S0010,Chaitanya Khan 0010,849,91,137489,SC,CMR Technical Campus - CSE,"JNTUH University College of Engineering, Manthani - CIVIL","JNTUH University College of Engineering, Wanaparthy - EEE",CMR Institute of Technology - ECE,Siddhartha Institute of Technology and Sciences - CSE
S0011,Deepak Iyer 0011,777,63,237425,OC,Keshav Memorial Institute of Technology - ECE,Vardhaman College of Engineering - CSE,Guru Nanak Institutions Technical Campus - CSE-AIML,Kakatiya Institute of Technology and Science - CIVIL,Jayamukhi Institute of Technological Sciences - EEE
S0012,Divya Shetty 0012,931,132,16442,SC,MLR Institute of Technology - EEE,"University College of Engineering, Rajanna Sircilla - CIVIL",Nalla Malla Reddy Engineering College - EEE,Keshav Memorial Institute of Technology - CIVIL,Muffakham Jah College of Engineering and Technology - CSE
S0013,Harsha Reddy 0013,928,145,26002,OC,"University College of Engineering, Kakatiya University - EEE",Chaitanya Bharathi Institute of Technology - CIVIL,Jayamukhi Institute of Technological Sciences - EEE,"JNTUH University College of Engineering, Sultanpur - EEE",SR University - CSE-AIML
S0014,Ishita Kumar 0014,846,111,69907,OC,Institute of Aeronautical Engineering - EEE,"JNTUH University College of Engineering, Jagtial - CSE",Mahatma Gandhi Institute of Technology - CIVIL,"University College of Engineering, Osmania University - CSE-AIML",VNR Vignana Jyothi Institute of Engineering and Technology - MECH
S0015,Karthik Nair 0015,937,160,4931,BC-C,CMR Institute of Technology - CIVIL,Guru Nanak Institute of Technology - CIVIL,Vaagdevi Engineering College - CSE,"JNTUH University College of Engineering, Hyderabad - ECE",National Institute of Technology Warangal - ECE
S0016,Keerthana Nair 0016,838,92,127429,BC-D,KITS Warangal - CSE,Muffakham Jah College of Engineering and Technology - CSE-AIML,"JNTUH University College of Engineering, Manthani - CSE",Vaagdevi Engineering College - CSE-AIML,Chaitanya Bharathi Institute of Technology - CSE
S0017,Krishna Goud 0017,911,118,38889,BC-B,CMR Institute of Technology - MECH,Malla Reddy University - MECH,MLR Institute of Technology - CSE,Anurag University - MECH,Kakatiya Institute of Technology and Science - CSE-AIML
S0018,Lakshmi Bhat 0018,825,88,143496,OC,CMR Institute of Technology - CIVIL,"JNTUH University College of Engineering, Wanaparthy - CIVIL","University College of Engineering, Kakatiya University - CIVIL","JNTUH University College of Engineering, Hyderabad - CSE",Kamala Nehru Polytechnic College for Women - CIVIL
S0019,Manoj Deshmukh 0019,830,103,80309,BC-A,VNR Vignana Jyothi Institute of Engineering and Technology - CIVIL,CMR College of Engineering & Technology - MECH,Vardhaman College of Engineering - EEE,Jayamukhi Institute of Technological Sciences - CSE-AIML,Jyothishmathi Institute of Technology and Science - CIVIL
S0020,Meghana Shetty 0020,881,127,47114,SC,Sreenidhi Institute of Science and Technology - MECH,"JNTUH University College of Engineering, Sultanpur - CSE",Malla Reddy Engineering College and Management Sciences - ECE,Mahatma Gandhi Institute of Technology - CSE,Jyothishmathi Institute of Technology and Science - MECH
S0021,Nandini Nair 0021,990,148,3251,OC,Siddhartha Institute of Technology and Sciences - CSE,CMR College of Engineering & Technology - ECE,MLR Institute of Technology - CSE-AIML,Nalla Malla Reddy Engineering College - ECE,Kamala Nehru Polytechnic College for Women - MECH
S0022,Nikhil Naidu 0022,902,108,85417,OC,Balaji Institute of Technology and Science - CIVIL,Maturi Venkata Subba Rao Engineering College - ECE,Jayamukhi Institute of Technological Sciences - CSE,"JNTUH University College of Engineering, Jagtial - ECE","JNTUH University College of Engineering, Sultanpur - CSE"
S0023,Pooja Reddy 0023,937,155,4465,EWS,CVR College of Engineering - ECE,Balaji Institute of Technology and Science - MECH,B V Raju Institute of Technology - CIVIL,"JNTUH University College of Engineering, Hyderabad - ECE","JNTUH University College of Engineering, Sultanpur - EEE"
S0024,Pranav Singh 0024,868,118,54412,OC,Jyothishmathi Institute of Technology and Science - CIVIL,"JNTUH University College of Engineering, Jagtial - ECE","JNTUH University College of Engineering, Wanaparthy - MECH","JNTUH University College of Engineering, Sultanpur - CIVIL","JNTUH University College of Engineering, Palair - EEE"
S0025,Priya Varma 0025,836,104,100254,BC-D,Anurag University - ECE,Muffakham Jah College of Engineering and Technology - CIVIL,Vardhaman College of Engineering - ECE,Malla Reddy Engineering College - CIVIL,Guru Nanak Institutions Technical Campus - CSE
S0026,Rahul Varma 0026,875,112,60884,BC-B,KG Reddy College of Engineering and Technology - CSE,Sreenidhi Institute of Science and Technology - EEE,Anurag University - CSE,Anurag University - ECE,Sreenidhi Institute of Science and Technology - CIVIL
S0027,Rakesh Prasad 0027,887,122,63690,BC-B,MLR Institute of Technology - CSE-AIML,Vaagdevi Engineering College - EEE,Anurag University - ECE,"University College of Engineering, Osmania University - EEE","University College of Engineering, Kakatiya University - CIVIL"
S0028,Riya Nair 0028,965,159,6331,BC-B,KG Reddy College of Engineering and Technology - MECH,Mahatma Gandhi Institute of Technology - CIVIL,Jayamukhi Institute of Technological Sciences - EEE,MVSR Engineering College - MECH,B V Raju Institute of Technology - ECE
S0029,Rohit Patel 0029,879,87,149744,BC-B,Princeton Institute of Engineering and Technology for Women - ECE,Chaitanya Bharathi Institute of Technology - CSE-AIML,Muffakham Jah College of Engineering and Technology - CSE,Vardhaman College of Engineering - MECH,Sreenidhi Institute of Science and Technology - MECH
S0030,Sai Bhat 0030,880,110,60578,BC-D,Kakatiya Institute of Technology and Science - CSE-AIML,"JNTUH University College of Engineering, Wanaparthy - CIVIL",CMR Institute of Technology - CIVIL,SR University - CIVIL,Anurag Engineering College - MECH
S0031,Sanjana Yadav 0031,961,135,23815,OC,Maturi Venkata Subba Rao Engineering College - CSE,CMR Institute of Technology - MECH,"JNTUH University College of Engineering, Manthani - CSE-AIML",Malla Reddy University - CSE-AIML,Malla Reddy Engineering College and Management Sciences - CSE-AIML
S0032,Sanjay Khan 0032,977,160,4546,BC-D,SR University - MECH,Malla Reddy Engineering College and Management Sciences - CIVIL,Malla Reddy University - CIVIL,"JNTUH University College of Engineering, Jagtial - CSE-AIML","University College of Engineering, Kakatiya University - CSE-AIML"
S0033,Sathvik Goud 0033,836,90,137767,SC,Malla Reddy University - CSE-AIML,"JNTUH University College of Engineering, Palair - CIVIL",Guru Nanak Institute of Technology - CIVIL,Sreenidhi Institute of Science and Technology - CIVIL,Jayamukhi Institute of Technological Sciences - MECH
S0034,Shreya Murthy 0034,835,119,83449,OC,Nalgonda Institute of Technology and Science - CIVIL,Malla Reddy Engineering College and Management Sciences - CSE,Sphoorthy Engineering College - CSE-AIML,Vaagdevi Engineering College - ECE,Nalgonda Institute of Technology and Science - MECH
S0035,Siddharth Shetty 0035,955,147,2539,OC,MLR Institute of Technology - MECH,Nalgonda Institute of Technology and Science - EEE,Chaitanya Bharathi Institute of Technology - ECE,Keshav Memorial Institute of Technology - CSE-AIML,SR University - EEE
S0036,Sneha Prasad 0036,874,85,157286,OC,Malla Reddy Engineering College and Management Sciences - ECE,"JNTUH University College of Engineering, Wanaparthy - CSE",Marri Laxman Reddy Institute of Technology and Management - MECH,KITS Warangal - CIVIL,"JNTUH University College of Engineering, Jagtial - CIVIL"
S0037,Srinivas Sharma 0037,904,137,32521,OC,CVR College of Engineering - CSE,Princeton Institute of Engineering and Technology for Women - EEE,Balaji Institute of Technology and Science - ECE,SR University - CSE-AIML,Anurag Engineering College - MECH
S0038,Srujana Kumar 0038,844,67,249682,OC,Gokaraju Rangaraju Institute of Engineering and Technology - CSE-AIML,Kamala Nehru Polytechnic College for Women - CIVIL,Vardhaman College of Engineering - MECH,Vasavi College of Engineering - CSE-AIML,Muffakham Jah College of Engineering and Technology - CIVIL
S0039,Teja Singh 0039,894,132,21527,EWS,Malla Reddy Engineering College - CSE,Anurag University - ECE,MLR Institute of Technology - ECE,Malla Reddy University - ECE,Marri Laxman Reddy Institute of Technology and Management - CIVIL
S0040,Varun Verma 0040,856,84,219614,EWS,CVR College of Engineering - CSE,Sphoorthy Engineering College - ECE,VNR Vignana Jyothi Institute of Engineering and Technology - CIVIL,MLR Institute of Technology - ECE,National Institute of Technology Warangal - MECH
S0041,Vamshi Deshmukh 0041,880,120,52273,OC,Chaitanya Bharathi Institute of Technology - CSE,Muffakham Jah College of Engineering and Technology - MECH,Kamala Nehru Polytechnic College for Women - CSE,Princeton Institute of Engineering and Technology for Women - MECH,"JNTUH University College of Engineering, Jagtial - ECE"
S0042,Vishal Shetty 0042,898,136,21673,SC,KITS Warangal - MECH,"JNTUH University College of Engineering, Palair - ECE",Institute of Aeronautical Engineering - CIVIL,Malla Reddy University - CIVIL,Kamala Nehru Polytechnic College for Women - MECH
S0043,Yash Yadav 0043,874,116,58203,BC-A,"JNTUH University College of Engineering, Sultanpur - CSE-AIML",CMR College of Engineering & Technology - ECE,"University College of Engineering, Kakatiya University - MECH",Kamala Nehru Polytechnic College for Women - CSE-AIML,Guru Nanak Institutions Technical Campus - CSE-AIML
S0044,Anusha Chowdary 0044,954,151,594,BC-C,Kamala Nehru Polytechnic College for Women - MECH,Anurag Engineering College - MECH,KG Reddy College of Engineering and Technology - ECE,Sreenidhi Institute of Science and Technology - MECH,Kakatiya Institute of Technology and Science - ECE
S0045,Bhargav Reddy 0045,779,78,198519,BC-A,Balaji Institute of Technology and Science - ECE,Princeton Institute of Engineering and Technology for Women - EEE,Nalla Malla Reddy Engineering College - CSE-AIML,"University College of Engineering, Rajanna Sircilla - MECH",Marri Laxman Reddy Institute of Technology and Management - EEE
S0046,Hemanth Varma 0046,839,112,101021,BC-A,"University College of Engineering, Osmania University - ECE",MVSR Engineering College - CSE,Guru Nanak Institute of Technology - ECE,"JNTUH University College of Engineering, Hyderabad - EEE",CVR College of Engineering - CIVIL
S0047,Mounika Naidu 0047,793,96,120752,OC,National Institute of Technology Warangal - ECE,VNR Vignana Jyothi Institute of Engineering and Technology - CIVIL,Vasavi College of Engineering - MECH,"JNTUH University College of Engineering, Hyderabad - CIVIL","JNTUH University College of Engineering, Mahabubabad - CIVIL"
S0048,Navya Chowdary 0048,909,121,70949,BC-A,Malla Reddy Engineering College - CSE,CMR Institute of Technology - CSE,"University College of Engineering, Osmania University - EEE",National Institute of Technology Warangal - EEE,"University College of Engineering, Osmania University - CSE-AIML"
S0049,Pavan Chowdary 0049,877,97,99055,BC-B,Vardhaman College of Engineering - MECH,CVR College of Engineering - EEE,Princeton Institute of Engineering and Technology for Women - EEE,Kakatiya Institute of Technology and Science - EEE,Sreenidhi Institute of Science and Technology - CIVIL
S0050,Swathi Nair 0050,832,95,130597,EWS,SR University - EEE,Institute of Aeronautical Engineering - CSE,Kakatiya Institute of Technology and Science - CSE,Anurag Engineering College - EEE,Gokaraju Rangaraju Institute of Engineering and Technology - CSE-AIML
S0051,Aarav Deshmukh 0051,890,134,31724,BC-B,"JNTUH University College of Engineering, Sultanpur - CSE",VNR Vignana Jyothi Institute of Engineering and Technology - EEE,Vasavi College of Engineering - CIVIL,CMR College of Engineering & Technology - EEE,Malla Reddy Engineering College - CSE-AIML
S0052,Aditya Prasad 0052,940,131,36385,OC,"JNTUH University College of Engineering, Jagtial - MECH",Samskruti College of Engineering and Technology - ECE,Nalgonda Institute of Technology and Science - CSE,CVR College of Engineering - MECH,Anurag University - ECE
S0053,Akash Murthy 0053,832,99,107769,BC-E,Muffakham Jah College of Engineering and Technology - CIVIL,SR University - CSE-AIML,MVSR Engineering College - EEE,Anurag University - CSE,Kakatiya Institute of Technology and Science - EEE
S0054,Akshay Prasad 0054,950,125,16523,OC,"University College of Engineering, Kakatiya University - ECE",Princeton Institute of Engineering and Technology for Women - EEE,Mahatma Gandhi Institute of Technology - EEE,"JNTUH University College of Engineering, Jagtial - CSE-AIML","JNTUH University College of Engineering, Jagtial - CIVIL"
S0055,Ananya Rao 0055,894,101,101441,BC-B,Vasavi College of Engineering - CSE,KG Reddy College of Engineering and Technology - EEE,Jayamukhi Institute of Technological Sciences - ECE,Malla Reddy University - ECE,Institute of Aeronautical Engineering - EEE
S0056,Anjali Patel 0056,927,135,32881,OC,Vardhaman College of Engineering - MECH,Sreenidhi Institute of Science and Technology - CIVIL,Malla Reddy Engineering College - MECH,National Institute of Technology Warangal - CSE-AIML,VNR Vignana Jyothi Institute of Engineering and Technology - CSE-AIML
S0057,Arjun Rao 0057,887,122,58781,BC-B,CMR Technical Campus - ECE,"JNTUH University College of Engineering, Jagtial - CSE",Mahatma Gandhi Institute of Technology - ECE,"JNTUH University College of Engineering, Manthani - MECH",Chaitanya Bharathi Institute of Technology - CSE-AIML
S0058,Bhavya Naidu 0058,871,98,114870,OC,KG Reddy College of Engineering and Technology - CSE,Sreenidhi Institute of Science and Technology - CIVIL,National Institute of Technology Warangal - EEE,Vasavi College of Engineering - CSE,Guru Nanak Institute of Technology - ECE
S0059,Charan Nair 0059,905,139,32835,BC-E,Samskruti College of Engineering and Technology - EEE,Chaitanya Bharathi Institute of Technology - MECH,Vaagdevi Engineering College - CIVIL,CVR College of Engineering - CIVIL,Sreenidhi Institute of Science and Technology - CSE-AIML
S0060,Chaitanya Khan 0060,965,136,10463,OC,"JNTUH University College of Engineering, Hyderabad - CSE",KITS Warangal - CIVIL,Sphoorthy Engineering College - EEE,Mahathma Gandhi University College of Engineering and Technology - EEE,Marri Laxman Reddy Institute of Technology and Management - EEE
S0061,Deepak Shetty 0061,787,70,242812,BC-D,"JNTUH University College of Engineering, Wanaparthy - ECE",Nalla Malla Reddy Engineering College - ECE,Gokaraju Rangaraju Institute of Engineering and Technology - ECE,"JNTUH University College of Engineering, Manthani - CSE",Sphoorthy Engineering College - ECE
S0062,Divya Patel 0062,923,123,74495,BC-A,Nalgonda Institute of Technology and Science - CIVIL,SR University - EEE,"JNTUH University College of Engineering, Manthani - CSE",Anurag University - MECH,Institute of Aeronautical Engineering - ECE
S0063,Harsha Goud 0063,847,92,178344,OC,Siddhartha Institute of Technology and Sciences - MECH,"JNTUH University College of Engineering, Mahabubabad - CSE",Maturi Venkata Subba Rao Engineering College - CSE-AIML,"JNTUH University College of Engineering, Manthani - CIVIL",National Institute of Technology Warangal - ECE
S0064,Ishita Naidu 0064,846,110,123007,OC,Guru Nanak Institute of Technology - CSE,KG Reddy College of Engineering and Technology - CSE-AIML,Princeton Institute of Engineering and Technology for Women - ECE,Malla Reddy Engineering College - MECH,Institute of Aeronautical Engineering - MECH
S0065,Karthik Verma 0065,889,93,103789,EWS,Siddhartha Institute of Technology and Sciences - CSE-AIML,Anurag University - EEE,Samskruti College of Engineering and Technology - CSE,SR University - CIVIL,Kakatiya Institute of Technology and Science - MECH
S0066,Keerthana Deshmukh 0066,862,84,156185,BC-E,Nalgonda Institute of Technology and Science - EEE,CVR College of Engineering - EEE,Samskruti College of Engineering and Technology - MECH,Sphoorthy Engineering College - ECE,MLR Institute of Technology - CSE
S0067,Krishna Singh 0067,887,123,48355,BC-B,Princeton Institute of Engineering and Technology for Women - CSE,Kakatiya Institute of Technology and Science - MECH,MVSR Engineering College - MECH,National Institute of Technology Warangal - EEE,National Institute of Technology Warangal - MECH
S0068,Lakshmi Kumar 0068,897,143,19535,EWS,Vasavi College of Engineering - ECE,Guru Nanak Institute of Technology - MECH,KG Reddy College of Engineering and Technology - EEE,Sphoorthy Engineering College - MECH,Jyothishmathi Institute of Technology and Science - MECH
S0069,Manoj Kumar 0069,830,95,99389,SC,Anurag Engineering College - CIVIL,"JNTUH University College of Engineering, Mahabubabad - CSE",CMR College of Engineering & Technology - MECH,KITS Warangal - CSE,Anurag University - EEE
S0070,Meghana Khan 0070,877,124,48616,OC,Sphoorthy Engineering College - CSE-AIML,Malla Reddy University - CIVIL,Malla Reddy Engineering College and Management Sciences - EEE,Marri Laxman Reddy Institute of Technology and Management - CIVIL,Maturi Venkata Subba Rao Engineering College - MECH
S0071,Nandini Naidu 0071,847,92,116570,SC,Kakatiya Institute of Technology and Science - ECE,CMR Technical Campus - ECE,"JNTUH University College of Engineering, Sultanpur - CSE-AIML",Kakatiya Institute of Technology and Science - MECH,"University College of Engineering, Osmania University - EEE"
S0072,Nikhil Yadav 0072,838,90,140807,OC,Balaji Institute of Technology and Science - EEE,MLR Institute of Technology - CSE-AIML,Anurag Engineering College - CSE-AIML,SR University - CIVIL,CMR Institute of Technology - EEE
S0073,Pooja Nair 0073,945,106,58084,BC-D,Gokaraju Rangaraju Institute of Engineering and Technology - ECE,Anurag Engineering College - CSE-AIML,"JNTUH University College of Engineering, Wanaparthy - EEE",KITS Warangal - CSE-AIML,Marri Laxman Reddy Institute of Technology and Management - CIVIL
S0074,Pranav Rao 0074,931,145,14507,BC-D,National Institute of Technology Warangal - CSE-AIML,Kamala Nehru Polytechnic College for Women - EEE,Nalgonda Institute of Technology and Science - EEE,Mahatma Gandhi Institute of Technology - CSE-AIML,"JNTUH University College of Engineering, Palair - MECH"
S0075,Priya Bhat 0075,878,97,77584,EWS,Vardhaman College of Engineering - CIVIL,"JNTUH University College of Engineering, Mahabubabad - MECH",Princeton Institute of Engineering and Technology for Women - EEE,Kamala Nehru Polytechnic College for Women - CSE,"JNTUH University College of Engineering, Jagtial - CSE-AIML"
S0076,Rahul Singh 0076,849,106,97907,BC-E,Sreenidhi Institute of Science and Technology - ECE,Siddhartha Institute of Technology and Sciences - EEE,Kamala Nehru Polytechnic College for Women - CIVIL,"JNTUH University College of Engineering, Mahabubabad - MECH",Samskruti College of Engineering and Technology - CIVIL
S0077,Rakesh Bhat 0077,883,85,130142,BC-B,MLR Institute of Technology - EEE,B V Raju Institute of Technology - CIVIL,Institute of Aeronautical Engineering - CSE-AIML,KG Reddy College of Engineering and Technology - EEE,Institute of Aeronautical Engineering - ECE
S0078,Riya Deshmukh 0078,812,88,130522,SC,Keshav Memorial Institute of Technology - CSE-AIML,Chaitanya Bharathi Institute of Technology - MECH,"JNTUH University College of Engineering, Hyderabad - CSE-AIML",Princeton Institute of Engineering and Technology for Women - MECH,VNR Vignana Jyothi Institute of Engineering and Technology - CSE
S0079,Rohit Naidu 0079,886,117,69903,BC-B,Muffakham Jah College of Engineering and Technology - ECE,MVSR Engineering College - CSE,"JNTUH University College of Engineering, Wanaparthy - CSE-AIML",Kakatiya Institute of Technology and Science - ECE,Princeton Institute of Engineering and Technology for Women - CIVIL
S0080,Sai Chowdary 0080,898,126,42742,BC-B,MVSR Engineering College - CSE-AIML,Jyothishmathi Institute of Technology and Science - MECH,Mahatma Gandhi Institute of Technology - CSE-AIML,Guru Nanak Institutions Technical Campus - CSE-AIML,Kakatiya Institute of Technology and Science - EEE
S0081,Sanjana Verma 0081,961,146,1524,BC-D,Anurag Engineering College - ECE,Guru Nanak Institutions Technical Campus - MECH,Malla Reddy University - MECH,Guru Nanak Institutions Technical Campus - EEE,Vardhaman College of Engineering - ECE
S0082,Sanjay Verma 0082,850,78,126901,OC,Malla Reddy University - CSE,Anurag University - CIVIL,Princeton Institute of Engineering and Technology for Women - CIVIL,Maturi Venkata Subba Rao Engineering College - ECE,Maturi Venkata Subba Rao Engineering College - EEE
S0083,Sathvik Iyer 0083,795,71,227950,OC,Balaji Institute of Technology and Science - ECE,Gokaraju Rangaraju Institute of Engineering and Technology - ECE,Anurag University - CIVIL,Malla Reddy Engineering College and Management Sciences - ECE,Guru Nanak Institute of Technology - EEE
S0084,Shreya Sharma 0084,790,76,206747,OC,Vardhaman College of Engineering - ECE,Vasavi College of Engineering - MECH,SR University - ECE,Keshav Memorial Institute of Technology - CIVIL,MVSR Engineering College - CIVIL
S0085,Siddharth Yadav 0085,852,70,179753,BC-D,B V Raju Institute of Technology - EEE,"University College of Engineering, Rajanna Sircilla - ECE","University College of Engineering, Osmania University - CSE-AIML",Marri Laxman Reddy Institute of Technology and Management - ECE,Jyothishmathi Institute of Technology and Science - CIVIL
S0086,Sneha Nair 0086,943,142,32703,SC,Jyothishmathi Institute of Technology and Science - EEE,"JNTUH University College of Engineering, Jagtial - MECH",MVSR Engineering College - CSE,Nalgonda Institute of Technology and Science - MECH,Kakatiya Institute of Technology and Science - ECE
S0087,Srinivas Reddy 0087,928,136,31309,OC,Maturi Venkata Subba Rao Engineering College - CIVIL,Vardhaman College of Engineering - CIVIL,Vasavi College of Engineering - ECE,Gokaraju Rangaraju Institute of Engineering and Technology - EEE,"JNTUH University College of Engineering, Hyderabad - EEE"
S0088,Srujana Reddy 0088,928,112,46635,BC-E,Sphoorthy Engineering College - MECH,"University College of Engineering, Osmania University - ECE",Malla Reddy Engineering College and Management Sciences - MECH,Gokaraju Rangaraju Institute of Engineering and Technology - ECE,"JNTUH University College of Engineering, Jagtial - ECE"
S0089,Teja Murthy 0089,906,131,40776,OC,Siddhartha Institute of Technology and Sciences - CIVIL,"JNTUH University College of Engineering, Hyderabad - EEE",KITS Warangal - CIVIL,Kamala Nehru Polytechnic College for Women - CSE-AIML,Vaagdevi Engineering College - CSE
S0090,Varun Patel 0090,892,138,5935,BC-B,Institute of Aeronautical Engineering - CIVIL,Sreenidhi Institute of Science and Technology - MECH,"University College of Engineering, Osmania University - MECH",Maturi Venkata Subba Rao Engineering College - CSE-AIML,Vardhaman College of Engineering - CSE
S0091,Vamshi Rao 0091,867,130,53456,SC,Vasavi College of Engineering - EEE,Anurag University - CSE,"JNTUH University College of Engineering, Manthani - CSE-AIML",Vasavi College of Engineering - ECE,"JNTUH University College of Engineering, Jagtial - CSE-AIML"
S0092,Vishal Shetty 0092,903,131,54834,BC-D,Mahatma Gandhi Institute of Technology - CIVIL,"JNTUH University College of Engineering, Wanaparthy - CSE-AIML",B V Raju Institute of Technology - MECH,Marri Laxman Reddy Institute of Technology and Management - CIVIL,"JNTUH University College of Engineering, Palair - ECE"
S0093,Yash Chowdary 0093,780,100,151345,SC,Keshav Memorial Institute of Technology - EEE,Anurag Engineering College - CSE,"University College of Engineering, Kakatiya University - EEE",Institute of Aeronautical Engineering - CSE-AIML,Chaitanya Bharathi Institute of Technology - EEE
S0094,Anusha Prasad 0094,865,93,101099,OC,"University College of Engineering, Osmania University - MECH",Samskruti College of Engineering and Technology - ECE,"JNTUH University College of Engineering, Wanaparthy - EEE",Mahathma Gandhi University College of Engineering and Technology - CSE,"University College of Engineering, Rajanna Sircilla - CSE-AIML"
S0095,Bhargav Khan 0095,982,155,281,BC-A,Vaagdevi Engineering College - CSE,Vasavi College of Engineering - ECE,Siddhartha Institute of Technology and Sciences - EEE,Kamala Nehru Polytechnic College for Women - ECE,Maturi Venkata Subba Rao Engineering College - EEE
S0096,Hemanth Nair 0096,861,89,116871,SC,Mahathma Gandhi University College of Engineering and Technology - CSE-AIML,Gokaraju Rangaraju Institute of Engineering and Technology - EEE,Vasavi College of Engineering - CIVIL,KITS Warangal - CIVIL,Mahatma Gandhi Institute of Technology - CSE
S0097,Mounika Yadav 0097,874,118,42197,EWS,Nalgonda Institute of Technology and Science - CIVIL,CMR College of Engineering & Technology - ECE,CMR Technical Campus - ECE,Jyothishmathi Institute of Technology and Science - CSE,Princeton Institute of Engineering and Technology for Women - CSE-AIML
S0098,Navya Khan 0098,891,139,42784,SC,Sreenidhi Institute of Science and Technology - CSE,"JNTUH University College of Engineering, Mahabubabad - CSE",Chaitanya Bharathi Institute of Technology - CIVIL,"JNTUH University College of Engineering, Palair - EEE",Samskruti College of Engineering and Technology - CIVIL
S0099,Pavan Kumar 0099,872,114,69135,OC,Institute of Aeronautical Engineering - EEE,Malla Reddy Engineering College and Management Sciences - CSE-AIML,Chaitanya Bharathi Institute of Technology - ECE,VNR Vignana Jyothi Institute of Engineering and Technology - ECE,Malla Reddy Engineering College - MECH
S0100,Swathi Kumar 0100,887,112,68355,BC-B,"University College of Engineering, Osmania University - CSE-AIML",Malla Reddy University - MECH,Princeton Institute of Engineering and Technology for Women - CIVIL,Institute of Aeronautical Engineering - EEE,Kamala Nehru Polytechnic College for Women - CSE
S0101,Aarav Singh 0101,854,100,103918,BC-C,Balaji Institute of Technology and Science - CSE,Kakatiya Institute of Technology and Science - CSE-AIML,"JNTUH University College of Engineering, Hyderabad - ECE",Malla Reddy University - CSE-AIML,Malla Reddy Engineering College - ECE
S0102,Aditya Khan 0102,912,145,3524,BC-A,Sphoorthy Engineering College - CSE,"JNTUH University College of Engineering, Manthani - MECH",Malla Reddy Engineering College - ECE,"University College of Engineering, Rajanna Sircilla - EEE",SR University - CSE-AIML
S0103,Akash Varma 0103,910,92,121790,BC-D,CMR Institute of Technology - CSE-AIML,Maturi Venkata Subba Rao Engineering College - CIVIL,Chaitanya Bharathi Institute of Technology - CIVIL,Guru Nanak Institute of Technology - MECH,"JNTUH University College of Engineering, Mahabubabad - EEE"
S0104,Akshay Deshmukh 0104,905,126,46350,OC,KITS Warangal - EEE,Chaitanya Bharathi Institute of Technology - ECE,Mahatma Gandhi Institute of Technology - EEE,Princeton Institute of Engineering and Technology for Women - MECH,"JNTUH University College of Engineering, Mahabubabad - MECH"
S0105,Ananya Rao 0105,822,79,176890,OC,Institute of Aeronautical Engineering - MECH,Princeton Institute of Engineering and Technology for Women - CIVIL,Jayamukhi Institute of Technological Sciences - CSE,"University College of Engineering, Rajanna Sircilla - MECH",CMR College of Engineering & Technology - CSE
S0106,Anjali Yadav 0106,945,150,2588,BC-E,VNR Vignana Jyothi Institute of Engineering and Technology - CSE-AIML,Nalgonda Institute of Technology and Science - MECH,Samskruti College of Engineering and Technology - CSE,Guru Nanak Institute of Technology - CSE-AIML,"JNTUH University College of Engineering, Mahabubabad - MECH"
S0107,Arjun Rao 0107,898,111,71689,OC,"University College of Engineering, Osmania University - MECH",B V Raju Institute of Technology - CSE-AIML,Kamala Nehru Polytechnic College for Women - CSE,"University College of Engineering, Kakatiya University - ECE",Muffakham Jah College of Engineering and Technology - CSE
S0108,Bhavya Shetty 0108,891,117,61885,BC-B,"University College of Engineering, Kakatiya University - CIVIL",CMR College of Engineering & Technology - CSE-AIML,SR University - CSE,Samskruti College of Engineering and Technology - CSE-AIML,"JNTUH University College of Engineering, Sultanpur - EEE"
S0109,Charan Nair 0109,942,139,14362,BC-D,Kamala Nehru Polytechnic College for Women - CSE,Institute of Aeronautical Engineering - CIVIL,"JNTUH University College of Engineering, Hyderabad - EEE",MLR Institute of Technology - MECH,Anurag Engineering College - CIVIL
S0110,Chaitanya Murthy 0110,776,69,216036,SC,"JNTUH University College of Engineering, Jagtial - CSE",Sreenidhi Institute of Science and Technology - CSE-AIML,"JNTUH University College of Engineering, Mahabubabad - MECH",Samskruti College of Engineering and Technology - ECE,Institute of Aeronautical Engineering - ECE
S0111,Deepak Reddy 0111,792,88,138922,BC-D,KG Reddy College of Engineering and Technology - CSE,"University College of Engineering, Rajanna Sircilla - EEE",MLR Institute of Technology - CSE-AIML,Jyothishmathi Institute of Technology and Science - CIVIL,Anurag University - CSE
S0112,Divya Naidu 0112,862,85,173889,BC-A,Maturi Venkata Subba Rao Engineering College - MECH,Keshav Memorial Institute of Technology - CSE-AIML,Kamala Nehru Polytechnic College for Women - CIVIL,"JNTUH University College of Engineering, Manthani - MECH",Keshav Memorial Institute of Technology - MECH
S0113,Harsha Chowdary 0113,917,128,31010,SC,VNR Vignana Jyothi Institute of Engineering and Technology - CSE-AIML,Vaagdevi Engineering College - MECH,Keshav Memorial Institute of Technology - MECH,Malla Reddy Engineering College and Management Sciences - ECE,B V Raju Institute of Technology - EEE
S0114,Ishita Murthy 0114,888,112,68532,EWS,Jayamukhi Institute of Technological Sciences - CSE,Siddhartha Institute of Technology and Sciences - MECH,Institute of Aeronautical Engineering - ECE,Vardhaman College of Engineering - CSE-AIML,B V Raju Institute of Technology - CIVIL
S0115,Karthik Reddy 0115,855,76,180674,SC,Mahatma Gandhi Institute of Technology - CSE-AIML,Vaagdevi Engineering College - EEE,VNR Vignana Jyothi Institute of Engineering and Technology - CIVIL,Nalgonda Institute of Technology and Science - ECE,Vardhaman College of Engineering - MECH
S0116,Keerthana Yadav 0116,926,142,11981,OC,Sphoorthy Engineering College - ECE,KITS Warangal - EEE,Guru Nanak Institutions Technical Campus - ECE,"JNTUH University College of Engineering, Wanaparthy - ECE",Nalla Malla Reddy Engineering College - MECH
S0117,Krishna Patel 0117,925,134,29400,BC-B,"University College of Engineering, Rajanna Sircilla - CSE",Guru Nanak Institute of Technology - CSE-AIML,"JNTUH University College of Engineering, Wanaparthy - CSE-AIML",CMR Technical Campus - MECH,Institute of Aeronautical Engineering - ECE
S0118,Lakshmi Nair 0118,823,93,89845,BC-B,Malla Reddy University - CSE-AIML,National Institute of Technology Warangal - CSE,"JNTUH University College of Engineering, Palair - CIVIL",National Institute of Technology Warangal - CSE-AIML,CMR Institute of Technology - CIVIL
S0119,Manoj Khan 0119,872,111,78979,SC,Jayamukhi Institute of Technological Sciences - CSE-AIML,Vaagdevi Engineering College - EEE,Gokaraju Rangaraju Institute of Engineering and Technology - MECH,MVSR Engineering College - CSE,MLR Institute of Technology - MECH
S0120,Meghana Bhat 0120,916,138,24787,BC-D,Mahatma Gandhi Institute of Technology - CIVIL,"JNTUH University College of Engineering, Manthani - CSE",B V Raju Institute of Technology - EEE,Sphoorthy Engineering College - CIVIL,Mahathma Gandhi University College of Engineering and Technology - CSE-AIML
S0121,Nandini Rao 0121,933,128,34026,OC,"University College of Engineering, Kakatiya University - CIVIL","JNTUH University College of Engineering, Hyderabad - MECH",Kakatiya Institute of Technology and Science - ECE,Kamala Nehru Polytechnic College for Women - EEE,KG Reddy College of Engineering and Technology - CSE-AIML
S0122,Nikhil Reddy 0122,916,134,17499,OC,"JNTUH University College of Engineering, Mahabubabad - EEE",Sphoorthy Engineering College - EEE,"University College of Engineering, Osmania University - EEE",Vaagdevi Engineering College - MECH,Vaagdevi Engineering College - CSE
S0123,Pooja Prasad 0123,990,160,1365,BC-D,CVR College of Engineering - CSE-AIML,Nalgonda Institute of Technology and Science - MECH,Princeton Institute of Engineering and Technology for Women - EEE,Mahatma Gandhi Institute of Technology - CIVIL,"University College of Engineering, Osmania University - ECE"
S0124,Pranav Chowdary 0124,883,154,6458,OC,Malla Reddy Engineering College - CSE-AIML,Balaji Institute of Technology and Science - ECE,Jyothishmathi Institute of Technology and Science - EEE,Malla Reddy Engineering College and Management Sciences - MECH,Malla Reddy University - EEE
S0125,Priya Singh 0125,891,97,96887,OC,"JNTUH University College of Engineering, Manthani - EEE",Malla Reddy Engineering College and Management Sciences - MECH,Muffakham Jah College of Engineering and Technology - CSE,Mahathma Gandhi University College of Engineering and Technology - EEE,CMR College of Engineering & Technology - CSE
S0126,Rahul Goud 0126,812,102,112980,EWS,Siddhartha Institute of Technology and Sciences - ECE,Guru Nanak Institutions Technical Campus - CSE-AIML,"University College of Engineering, Rajanna Sircilla - CSE-AIML",Vardhaman College of Engineering - ECE,Muffakham Jah College of Engineering and Technology - CSE-AIML
S0127,Rakesh Khan 0127,965,146,9198,SC,Anurag Engineering College - EEE,"JNTUH University College of Engineering, Wanaparthy - CSE-AIML",Siddhartha Institute of Technology and Sciences - MECH,Chaitanya Bharathi Institute of Technology - CIVIL,CVR College of Engineering - ECE
S0128,Riya Singh 0128,862,76,140796,OC,"University College of Engineering, Osmania University - EEE",Vasavi College of Engineering - CSE-AIML,Gokaraju Rangaraju Institute of Engineering and Technology - CSE,"JNTUH University College of Engineering, Sultanpur - EEE",KITS Warangal - CIVIL
S0129,Rohit Singh 0129,870,119,60021,BC-A,B V Raju Institute of Technology - ECE,CVR College of Engineering - CSE,Nalla Malla Reddy Engineering College - CIVIL,"University College of Engineering, Kakatiya University - EEE","University College of Engineering, Kakatiya University - CSE-AIML"
S0130,Sai Bhat 0130,877,107,60346,BC-D,Nalgonda Institute of Technology and Science - ECE,Malla Reddy University - CIVIL,SR University - CSE,Sphoorthy Engineering College - CSE,Anurag Engineering College - CSE-AIML
S0131,Sanjana Naidu 0131,895,125,41769,SC,CMR Institute of Technology - EEE,VNR Vignana Jyothi Institute of Engineering and Technology - CSE,KITS Warangal - EEE,"University College of Engineering, Rajanna Sircilla - EEE",Sreenidhi Institute of Science and Technology - ECE
S0132,Sanjay Goud 0132,865,82,134111,SC,Sphoorthy Engineering College - EEE,CMR College of Engineering & Technology - ECE,"JNTUH University College of Engineering, Palair - MECH",Sreenidhi Institute of Science and Technology - EEE,Princeton Institute of Engineering and Technology for Women - MECH
S0133,Sathvik Goud 0133,802,77,210980,BC-D,Sreenidhi Institute of Science and Technology - MECH,Nalgonda Institute of Technology and Science - CSE-AIML,"University College of Engineering, Rajanna Sircilla - CIVIL",Mahatma Gandhi Institute of Technology - CSE-AIML,"JNTUH University College of Engineering, Wanaparthy - ECE"
S0134,Shreya Khan 0134,919,146,31944,SC,Mahathma Gandhi University College of Engineering and Technology - CSE,"JNTUH University College of Engineering, Wanaparthy - MECH",Vasavi College of Engineering - EEE,Maturi Venkata Subba Rao Engineering College - MECH,Guru Nanak Institutions Technical Campus - CSE
S0135,Siddharth Shetty 0135,875,104,82244,OC,"JNTUH University College of Engineering, Jagtial - ECE",Balaji Institute of Technology and Science - ECE,"JNTUH University College of Engineering, Palair - ECE",B V Raju Institute of Technology - CSE,Vaagdevi Engineering College - EEE
S0136,Sneha Verma 0136,849,78,164150,OC,MLR Institute of Technology - MECH,Marri Laxman Reddy Institute of Technology and Management - MECH,National Institute of Technology Warangal - CIVIL,Malla Reddy Engineering College - ECE,Malla Reddy University - CIVIL
S0137,Srinivas Sharma 0137,953,136,6063,BC-B,Institute of Aeronautical Engineering - ECE,CMR Technical Campus - CSE,Guru Nanak Institute of Technology - CIVIL,Mahathma Gandhi University College of Engineering and Technology - CSE-AIML,Anurag University - CSE-AIML
S0138,Srujana Iyer 0138,839,74,176842,OC,Keshav Memorial Institute of Technology - CIVIL,Mahathma Gandhi University College of Engineering and Technology - EEE,VNR Vignana Jyothi Institute of Engineering and Technology - CIVIL,Vardhaman College of Engineering - CIVIL,"JNTUH University College of Engineering, Palair - CSE-AIML"
S0139,Teja Varma 0139,901,121,66828,BC-B,Samskruti College of Engineering and Technology - CSE-AIML,Vasavi College of Engineering - EEE,Chaitanya Bharathi Institute of Technology - CSE,CMR College of Engineering & Technology - CIVIL,Samskruti College of Engineering and Technology - ECE
S0140,Varun Yadav 0140,906,118,58127,ST,"JNTUH University College of Engineering, Hyderabad - CSE-AIML",Sphoorthy Engineering College - CSE,Muffakham Jah College of Engineering and Technology - ECE,"JNTUH University College of Engineering, Sultanpur - CIVIL",Anurag University - CSE-AIML
S0141,Vamshi Deshmukh 0141,827,58,225558,BC-B,VNR Vignana Jyothi Institute of Engineering and Technology - ECE,KITS Warangal - ECE,Muffakham Jah College of Engineering and Technology - MECH,B V Raju Institute of Technology - EEE,Balaji Institute of Technology and Science - CSE-AIML
S0142,Vishal Chowdary 0142,848,95,119713,OC,MVSR Engineering College - EEE,Muffakham Jah College of Engineering and Technology - CSE-AIML,Kakatiya Institute of Technology and Science - CSE,Siddhartha Institute of Technology and Sciences - EEE,Nalgonda Institute of Technology and Science - EEE
S0143,Yash Sharma 0143,899,121,42542,BC-E,Malla Reddy Engineering College - MECH,KITS Warangal - EEE,Vaagdevi Engineering College - MECH,"University College of Engineering, Osmania University - MECH",Mahatma Gandhi Institute of Technology - CSE-AIML
S0144,Anusha Goud 0144,864,118,66619,BC-B,"JNTUH University College of Engineering, Manthani - EEE","JNTUH University College of Engineering, Hyderabad - ECE",Anurag University - EEE,Malla Reddy Engineering College and Management Sciences - CSE-AIML,Guru Nanak Institute of Technology - CSE-AIML
S0145,Bhargav Naidu 0145,901,112,62060,BC-B,"JNTUH University College of Engineering, Jagtial - CSE",Vaagdevi Engineering College - EEE,Jyothishmathi Institute of Technology and Science - ECE,Mahathma Gandhi University College of Engineering and Technology - CSE,Kamala Nehru Polytechnic College for Women - EEE
S0146,Hemanth Sharma 0146,836,104,105834,BC-E,"JNTUH University College of Engineering, Mahabubabad - CSE-AIML","University College of Engineering, Osmania University - MECH",Sphoorthy Engineering College - CSE,CMR College of Engineering & Technology - MECH,Marri Laxman Reddy Institute of Technology and Management - CSE-AIML
S0147,Mounika Shetty 0147,948,149,4102,OC,Jayamukhi Institute of Technological Sciences - EEE,"JNTUH University College of Engineering, Palair - CSE-AIML",B V Raju Institute of Technology - CSE,"University College of Engineering, Rajanna Sircilla - CIVIL","University College of Engineering, Kakatiya University - CSE-AIML"
S0148,Navya Deshmukh 0148,806,57,231949,OC,Mahatma Gandhi Institute of Technology - MECH,"JNTUH University College of Engineering, Palair - ECE",MLR Institute of Technology - ECE,Institute of Aeronautical Engineering - ECE,Vaagdevi Engineering College - ECE
S0149,Pavan Kumar 0149,920,119,37330,BC-D,Nalla Malla Reddy Engineering College - CSE-AIML,Nalla Malla Reddy Engineering College - MECH,"JNTUH University College of Engineering, Manthani - CSE","JNTUH University College of Engineering, Palair - MECH",MLR Institute of Technology - CSE-AIML
S0150,Swathi Nair 0150,951,153,10382,EWS,MLR Institute of Technology - CSE,Malla Reddy Engineering College - CIVIL,Nalgonda Institute of Technology and Science - ECE,Jyothishmathi Institute of Technology and Science - ECE,Anurag University - CSE-AIML
S0151,Aarav Iyer 0151,823,70,238339,BC-C,Balaji Institute of Technology and Science - EEE,Princeton Institute of Engineering and Technology for Women - CSE,National Institute of Technology Warangal - CSE-AIML,"JNTUH University College of Engineering, Sultanpur - ECE",Institute of Aeronautical Engineering - CSE
S0152,Aditya Varma 0152,876,108,86478,SC,Malla Reddy University - CSE-AIML,Guru Nanak Institute of Technology - CSE,Kamala Nehru Polytechnic College for Women - MECH,Jyothishmathi Institute of Technology and Science - CIVIL,"JNTUH University College of Engineering, Jagtial - ECE"
S0153,Akash Goud 0153,799,84,165415,OC,CMR Institute of Technology - CSE-AIML,SR University - EEE,CMR Technical Campus - EEE,Anurag Engineering College - EEE,"JNTUH University College of Engineering, Mahabubabad - CSE-AIML"
S0154,Akshay Naidu 0154,944,140,3418,SC,CMR College of Engineering & Technology - CSE-AIML,Marri Laxman Reddy Institute of Technology and Management - EEE,"University College of Engineering, Osmania University - EEE",Nalgonda Institute of Technology and Science - CIVIL,Mahatma Gandhi Institute of Technology - MECH
S0155,Ananya Chowdary 0155,835,81,169025,BC-D,KG Reddy College of Engineering and Technology - ECE,"University College of Engineering, Osmania University - ECE","JNTUH University College of Engineering, Mahabubabad - ECE",Samskruti College of Engineering and Technology - MECH,Siddhartha Institute of Technology and Sciences - EEE
S0156,Anjali Sharma 0156,959,152,5226,SC,SR University - EEE,Jyothishmathi Institute of Technology and Science - CSE,Marri Laxman Reddy Institute of Technology and Management - ECE,"JNTUH University College of Engineering, Wanaparthy - CSE-AIML","JNTUH University College of Engineering, Jagtial - CSE-AIML"
S0157,Arjun Patel 0157,798,80,205796,OC,Malla Reddy Engineering College and Management Sciences - CSE,Jyothishmathi Institute of Technology and Science - EEE,"JNTUH University College of Engineering, Hyderabad - CSE-AIML","University College of Engineering, Rajanna Sircilla - CIVIL",Princeton Institute of Engineering and Technology for Women - CSE
S0158,Bhavya Iyer 0158,871,123,61937,OC,CMR Institute of Technology - CSE,Kamala Nehru Polytechnic College for Women - CSE,VNR Vignana Jyothi Institute of Engineering and Technology - EEE,Vasavi College of Engineering - CSE-AIML,Malla Reddy University - EEE
S0159,Charan Goud 0159,895,125,46024,BC-A,"JNTUH University College of Engineering, Manthani - CSE-AIML",Kakatiya Institute of Technology and Science - CSE,Malla Reddy Engineering College - ECE,Siddhartha Institute of Technology and Sciences - MECH,Princeton Institute of Engineering and Technology for Women - CSE
S0160,Chaitanya Murthy 0160,892,139,22464,ST,Guru Nanak Institutions Technical Campus - CIVIL,Malla Reddy University - CIVIL,Jayamukhi Institute of Technological Sciences - MECH,Siddhartha Institute of Technology and Sciences - CSE-AIML,Samskruti College of Engineering and Technology - CSE
S0161,Deepak Murthy 0161,888,115,53491,OC,Mahatma Gandhi Institute of Technology - CIVIL,"University College of Engineering, Kakatiya University - MECH",Vasavi College of Engineering - ECE,Siddhartha Institute of Technology and Sciences - CSE,"JNTUH University College of Engineering, Mahabubabad - CIVIL"
S0162,Divya Patel 0162,960,151,13959,OC,Sphoorthy Engineering College - ECE,CMR Institute of Technology - EEE,"JNTUH University College of Engineering, Mahabubabad - CSE",Chaitanya Bharathi Institute of Technology - ECE,"JNTUH University College of Engineering, Manthani - CSE"
S0163,Harsha Singh 0163,910,137,9754,OC,Anurag University - MECH,Kakatiya Institute of Technology and Science - ECE,MLR Institute of Technology - MECH,CMR Technical Campus - CSE-AIML,Malla Reddy University - CSE-AIML
S0164,Ishita Nair 0164,891,139,19609,EWS,Chaitanya Bharathi Institute of Technology - CIVIL,Nalgonda Institute of Technology and Science - CSE,Siddhartha Institute of Technology and Sciences - MECH,Jyothishmathi Institute of Technology and Science - EEE,"JNTUH University College of Engineering, Wanaparthy - EEE"
S0165,Karthik Verma 0165,956,138,15371,OC,Sphoorthy Engineering College - CIVIL,"University College of Engineering, Kakatiya University - EEE",Chaitanya Bharathi Institute of Technology - EEE,SR University - CSE-AIML,"JNTUH University College of Engineering, Palair - EEE"
S0166,Keerthana Varma 0166,860,112,97452,BC-D,"JNTUH University College of Engineering, Wanaparthy - CIVIL",Vasavi College of Engineering - MECH,"JNTUH University College of Engineering, Manthani - EEE",Guru Nanak Institutions Technical Campus - MECH,"JNTUH University College of Engineering, Palair - MECH"
S0167,Krishna Kumar 0167,856,74,206606,BC-B,KG Reddy College of Engineering and Technology - MECH,Mahathma Gandhi University College of Engineering and Technology - ECE,MVSR Engineering College - EEE,National Institute of Technology Warangal - CSE,Sreenidhi Institute of Science and Technology - CIVIL
S0168,Lakshmi Singh 0168,840,114,82113,BC-A,"JNTUH University College of Engineering, Jagtial - EEE",Marri Laxman Reddy Institute of Technology and Management - CSE-AIML,"JNTUH University College of Engineering, Wanaparthy - CSE-AIML",Chaitanya Bharathi Institute of Technology - MECH,Anurag University - EEE
S0169,Manoj Deshmukh 0169,947,131,21014,OC,Princeton Institute of Engineering and Technology for Women - CIVIL,Mahathma Gandhi University College of Engineering and Technology - MECH,Kamala Nehru Polytechnic College for Women - CSE,VNR Vignana Jyothi Institute of Engineering and Technology - CSE,"JNTUH University College of Engineering, Jagtial - MECH"
S0170,Meghana Chowdary 0170,935,147,16807,OC,"JNTUH University College of Engineering, Wanaparthy - CIVIL",Anurag University - CSE,Sphoorthy Engineering College - MECH,Siddhartha Institute of Technology and Sciences - CSE-AIML,"University College of Engineering, Kakatiya University - ECE"
S0171,Nandini Patel 0171,862,126,54090,BC-B,Vasavi College of Engineering - EEE,Sreenidhi Institute of Science and Technology - EEE,"JNTUH University College of Engineering, Hyderabad - MECH",VNR Vignana Jyothi Institute of Engineering and Technology - CSE-AIML,Chaitanya Bharathi Institute of Technology - EEE
S0172,Nikhil Varma 0172,854,103,137049,OC,Jayamukhi Institute of Technological Sciences - ECE,CVR College of Engineering - ECE,Anurag University - MECH,Vardhaman College of Engineering - ECE,Guru Nanak Institute of Technology - EEE
S0173,Pooja Chowdary 0173,928,108,79518,OC,Guru Nanak Institute of Technology - CSE,CVR College of Engineering - ECE,Sphoorthy Engineering College - MECH,Malla Reddy Engineering College - MECH,CMR Technical Campus - CIVIL
S0174,Pranav Yadav 0174,940,140,24243,BC-B,"JNTUH University College of Engineering, Hyderabad - CSE-AIML","JNTUH University College of Engineering, Hyderabad - EEE","JNTUH University College of Engineering, Wanaparthy - CSE","JNTUH University College of Engineering, Sultanpur - CSE",Gokaraju Rangaraju Institute of Engineering and Technology - CSE-AIML
S0175,Priya Chowdary 0175,951,152,7036,BC-C,Vardhaman College of Engineering - CSE,Malla Reddy University - CIVIL,Nalla Malla Reddy Engineering College - CSE-AIML,KG Reddy College of Engineering and Technology - CIVIL,CMR Institute of Technology - ECE
S0176,Rahul Verma 0176,845,106,117592,BC-E,Nalla Malla Reddy Engineering College - EEE,Malla Reddy Engineering College and Management Sciences - CSE-AIML,MLR Institute of Technology - MECH,Kamala Nehru Polytechnic College for Women - CIVIL,Vasavi College of Engineering - CSE-AIML
S0177,Rakesh Sharma 0177,876,133,35096,BC-C,Nalla Malla Reddy Engineering College - ECE,Guru Nanak Institutions Technical Campus - CSE-AIML,CVR College of Engineering - CSE,Malla Reddy Engineering College - CSE-AIML,Balaji Institute of Technology and Science - EEE
S0178,Riya Shetty 0178,843,112,77215,BC-D,CVR College of Engineering - ECE,Vaagdevi Engineering College - CIVIL,"JNTUH University College of Engineering, Hyderabad - MECH",MVSR Engineering College - MECH,National Institute of Technology Warangal - CSE-AIML
S0179,Rohit Varma 0179,891,132,43383,BC-E,CMR Institute of Technology - EEE,Nalla Malla Reddy Engineering College - EEE,CMR College of Engineering & Technology - EEE,Malla Reddy Engineering College and Management Sciences - ECE,Muffakham Jah College of Engineering and Technology - EEE
S0180,Sai Iyer 0180,895,90,81858,OC,VNR Vignana Jyothi Institute of Engineering and Technology - MECH,"JNTUH University College of Engineering, Mahabubabad - EEE","JNTUH University College of Engineering, Manthani - CSE-AIML",MVSR Engineering College - EEE,CMR Technical Campus - ECE
S0181,Sanjana Sharma 0181,822,78,182450,OC,"University College of Engineering, Kakatiya University - ECE",Marri Laxman Reddy Institute of Technology and Management - ECE,Nalgonda Institute of Technology and Science - CIVIL,KITS Warangal - ECE,KG Reddy College of Engineering and Technology - CSE-AIML
S0182,Sanjay Patel 0182,915,104,79662,BC-C,National Institute of Technology Warangal - MECH,Guru Nanak Institutions Technical Campus - CSE-AIML,Vaagdevi Engineering College - CSE,CMR College of Engineering & Technology - CSE,Muffakham Jah College of Engineering and Technology - ECE
S0183,Sathvik Patel 0183,901,145,20126,OC,MLR Institute of Technology - ECE,"JNTUH University College of Engineering, Hyderabad - CIVIL","JNTUH University College of Engineering, Wanaparthy - CIVIL",Jayamukhi Institute of Technological Sciences - CIVIL,Vaagdevi Engineering College - MECH
S0184,Shreya Deshmukh 0184,814,88,146916,OC,Siddhartha Institute of Technology and Sciences - CSE,Vaagdevi Engineering College - CSE-AIML,B V Raju Institute of Technology - EEE,Kamala Nehru Polytechnic College for Women - CIVIL,VNR Vignana Jyothi Institute of Engineering and Technology - MECH
S0185,Siddharth Iyer 0185,911,134,33684,OC,Malla Reddy University - CIVIL,Mahathma Gandhi University College of Engineering and Technology - CSE-AIML,Guru Nanak Institutions Technical Campus - EEE,Mahathma Gandhi University College of Engineering and Technology - EEE,"University College of Engineering, Rajanna Sircilla - MECH"
S0186,Sneha Yadav 0186,909,131,32441,BC-E,Nalla Malla Reddy Engineering College - CSE-AIML,Princeton Institute of Engineering and Technology for Women - MECH,Siddhartha Institute of Technology and Sciences - MECH,Kakatiya Institute of Technology and Science - ECE,Mahathma Gandhi University College of Engineering and Technology - MECH
S0187,Srinivas Khan 0187,907,114,88759,EWS,CVR College of Engineering - ECE,Mahatma Gandhi Institute of Technology - CSE,"JNTUH University College of Engineering, Hyderabad - EEE",CMR Institute of Technology - MECH,Maturi Venkata Subba Rao Engineering College - CSE-AIML
S0188,Srujana Khan 0188,954,149,10924,OC,"University College of Engineering, Osmania University - CSE-AIML",KITS Warangal - MECH,Jyothishmathi Institute of Technology and Science - EEE,Malla Reddy Engineering College and Management Sciences - EEE,Sreenidhi Institute of Science and Technology - ECE
S0189,Teja Naidu 0189,927,138,18924,BC-B,"University College of Engineering, Rajanna Sircilla - CIVIL",CMR Institute of Technology - MECH,National Institute of Technology Warangal - CIVIL,Gokaraju Rangaraju Institute of Engineering and Technology - CSE-AIML,SR University - MECH
S0190,Varun Khan 0190,912,144,15511,OC,"University College of Engineering, Kakatiya University - ECE",B V Raju Institute of Technology - MECH,Vasavi College of Engineering - ECE,Sphoorthy Engineering College - EEE,"JNTUH University College of Engineering, Sultanpur - CSE-AIML"
S0191,Vamshi Goud 0191,865,94,131474,OC,Vasavi College of Engineering - CIVIL,Sphoorthy Engineering College - EEE,MLR Institute of Technology - CIVIL,Sphoorthy Engineering College - CIVIL,"JNTUH University College of Engineering, Manthani - CIVIL"
S0192,Vishal Varma 0192,881,74,196629,BC-D,KG Reddy College of Engineering and Technology - CIVIL,VNR Vignana Jyothi Institute of Engineering and Technology - ECE,Malla Reddy Engineering College and Management Sciences - CSE-AIML,Mahatma Gandhi Institute of Technology - MECH,"JNTUH University College of Engineering, Manthani - CSE"
S0193,Yash Bhat 0193,807,70,243952,BC-B,"JNTUH University College of Engineering, Hyderabad - EEE",Nalla Malla Reddy Engineering College - EEE,National Institute of Technology Warangal - CSE-AIML,CMR College of Engineering & Technology - ECE,Vasavi College of Engineering - ECE
S0194,Anusha Yadav 0194,890,146,22639,OC,National Institute of Technology Warangal - CSE,KITS Warangal - CSE-AIML,"JNTUH University College of Engineering, Palair - ECE",Institute of Aeronautical Engineering - ECE,Keshav Memorial Institute of Technology - CSE-AIML
S0195,Bhargav Goud 0195,832,114,86651,BC-A,"JNTUH University College of Engineering, Sultanpur - ECE",Siddhartha Institute of Technology and Sciences - CIVIL,"JNTUH University College of Engineering, Wanaparthy - MECH",Anurag University - CSE-AIML,"University College of Engineering, Osmania University - EEE"
S0196,Hemanth Patel 0196,935,140,8342,EWS,Sphoorthy Engineering College - CSE,"University College of Engineering, Rajanna Sircilla - MECH",Gokaraju Rangaraju Institute of Engineering and Technology - ECE,VNR Vignana Jyothi Institute of Engineering and Technology - EEE,Muffakham Jah College of Engineering and Technology - EEE
S0197,Mounika Deshmukh 0197,890,121,64850,SC,"JNTUH University College of Engineering, Wanaparthy - CIVIL",CMR Institute of Technology - MECH,MLR Institute of Technology - CSE-AIML,"JNTUH University College of Engineering, Hyderabad - CSE",Keshav Memorial Institute of Technology - CSE
S0198,Navya Chowdary 0198,908,131,19835,OC,SR University - EEE,"JNTUH University College of Engineering, Palair - CSE-AIML",Guru Nanak Institutions Technical Campus - EEE,CMR Institute of Technology - EEE,"JNTUH University College of Engineering, Hyderabad - ECE"
S0199,Pavan Shetty 0199,809,56,198678,BC-B,Malla Reddy University - CSE,KITS Warangal - ECE,CMR Technical Campus - CSE-AIML,Balaji Institute of Technology and Science - CSE-AIML,CMR Technical Campus - CIVIL
S0200,Swathi Prasad 0200,931,139,8603,OC,Mahatma Gandhi Institute of Technology - CSE-AIML,Mahatma Gandhi Institute of Technology - CSE,Keshav Memorial Institute of Technology - CSE,CMR Institute of Technology - CSE,Jyothishmathi Institute of Technology and Science - CSE
S0201,Aarav Prasad 0201,968,143,12428,SC,"JNTUH University College of Engineering, Sultanpur - CSE-AIML","JNTUH University College of Engineering, Jagtial - EEE","JNTUH University College of Engineering, Hyderabad - EEE",CMR Institute of Technology - CSE-AIML,Malla Reddy Engineering College and Management Sciences - CSE
S0202,Aditya Sharma 0202,826,89,111503,OC,Jayamukhi Institute of Technological Sciences - MECH,Mahatma Gandhi Institute of Technology - ECE,Chaitanya Bharathi Institute of Technology - EEE,CMR Technical Campus - CSE,CVR College of Engineering - CIVIL
S0203,Akash Varma 0203,917,140,16840,SC,Muffakham Jah College of Engineering and Technology - CIVIL,National Institute of Technology Warangal - MECH,"JNTUH University College of Engineering, Wanaparthy - EEE",Sreenidhi Institute of Science and Technology - EEE,Gokaraju Rangaraju Institute of Engineering and Technology - ECE
S0204,Akshay Iyer 0204,948,143,22947,BC-E,"University College of Engineering, Rajanna Sircilla - EEE",Nalgonda Institute of Technology and Science - CSE-AIML,B V Raju Institute of Technology - CSE,Anurag Engineering College - ECE,CMR Technical Campus - CSE-AIML
S0205,Ananya Patel 0205,990,150,3910,SC,"JNTUH University College of Engineering, Jagtial - CIVIL",CMR College of Engineering & Technology - CSE-AIML,"University College of Engineering, Osmania University - CIVIL",Vasavi College of Engineering - ECE,"JNTUH University College of Engineering, Wanaparthy - ECE"
S0206,Anjali Varma 0206,869,118,66512,EWS,Marri Laxman Reddy Institute of Technology and Management - EEE,"JNTUH University College of Engineering, Wanaparthy - CSE","JNTUH University College of Engineering, Palair - CIVIL",Anurag University - EEE,B V Raju Institute of Technology - CSE
S0207,Arjun Deshmukh 0207,845,92,128931,BC-A,Malla Reddy Engineering College and Management Sciences - CSE,KG Reddy College of Engineering and Technology - CSE-AIML,Maturi Venkata Subba Rao Engineering College - MECH,B V Raju Institute of Technology - ECE,Kamala Nehru Polytechnic College for Women - CSE
S0208,Bhavya Patel 0208,856,54,227922,SC,MVSR Engineering College - CIVIL,"University College of Engineering, Kakatiya University - ECE",Keshav Memorial Institute of Technology - MECH,Malla Reddy Engineering College - CSE,Jyothishmathi Institute of Technology and Science - CSE-AIML
S0209,Charan Kumar 0209,861,84,177194,EWS,Gokaraju Rangaraju Institute of Engineering and Technology - CSE-AIML,Kamala Nehru Polytechnic College for Women - EEE,Nalgonda Institute of Technology and Science - CSE,Mahatma Gandhi Institute of Technology - MECH,Jyothishmathi Institute of Technology and Science - EEE
S0210,Chaitanya Verma 0210,826,87,135831,OC,Guru Nanak Institutions Technical Campus - CSE,Chaitanya Bharathi Institute of Technology - CSE-AIML,Nalla Malla Reddy Engineering College - CSE-AIML,"JNTUH University College of Engineering, Mahabubabad - MECH",CVR College of Engineering - CSE
S0211,Deepak Naidu 0211,878,127,42553,BC-D,Anurag University - EEE,Marri Laxman Reddy Institute of Technology and Management - EEE,Jyothishmathi Institute of Technology and Science - ECE,B V Raju Institute of Technology - MECH,"University College of Engineering, Kakatiya University - MECH"
S0212,Divya Kumar 0212,945,131,9492,OC,Jayamukhi Institute of Technological Sciences - CIVIL,MLR Institute of Technology - EEE,KITS Warangal - CSE-AIML,Muffakham Jah College of Engineering and Technology - CIVIL,SR University - ECE
S0213,Harsha Shetty 0213,823,93,137356,EWS,Guru Nanak Institutions Technical Campus - CSE,"University College of Engineering, Osmania University - CIVIL",Vasavi College of Engineering - CSE,CMR Technical Campus - ECE,B V Raju Institute of Technology - MECH
S0214,Ishita Prasad 0214,864,113,82415,BC-B,Chaitanya Bharathi Institute of Technology - CSE-AIML,Balaji Institute of Technology and Science - ECE,CMR Institute of Technology - MECH,B V Raju Institute of Technology - CSE-AIML,"University College of Engineering, Rajanna Sircilla - MECH"
S0215,Karthik Chowdary 0215,914,136,39584,BC-B,"JNTUH University College of Engineering, Wanaparthy - CSE",Guru Nanak Institutions Technical Campus - EEE,"JNTUH University College of Engineering, Manthani - CIVIL",Sphoorthy Engineering College - CIVIL,VNR Vignana Jyothi Institute of Engineering and Technology - MECH
S0216,Keerthana Rao 0216,860,125,43977,BC-E,Jyothishmathi Institute of Technology and Science - MECH,Malla Reddy Engineering College and Management Sciences - CSE,"JNTUH University College of Engineering, Sultanpur - CIVIL",National Institute of Technology Warangal - EEE,"JNTUH University College of Engineering, Jagtial - CSE"
S0217,Krishna Deshmukh 0217,812,58,243525,ST,Vardhaman College of Engineering - MECH,"JNTUH University College of Engineering, Wanaparthy - CSE",Marri Laxman Reddy Institute of Technology and Management - CIVIL,Vardhaman College of Engineering - CSE-AIML,Vardhaman College of Engineering - CSE
S0218,Lakshmi Chowdary 0218,930,133,25936,SC,"JNTUH University College of Engineering, Sultanpur - EEE","JNTUH University College of Engineering, Jagtial - ECE",Samskruti College of Engineering and Technology - CIVIL,Muffakham Jah College of Engineering and Technology - EEE,"University College of Engineering, Osmania University - ECE"
S0219,Manoj Yadav 0219,874,98,73583,EWS,Anurag University - ECE,Malla Reddy University - MECH,Samskruti College of Engineering and Technology - EEE,VNR Vignana Jyothi Institute of Engineering and Technology - ECE,"University College of Engineering, Kakatiya University - ECE"
S0220,Meghana Singh 0220,882,88,104975,BC-D,"University College of Engineering, Kakatiya University - CSE-AIML",Keshav Memorial Institute of Technology - MECH,Sphoorthy Engineering College - EEE,Samskruti College of Engineering and Technology - MECH,Institute of Aeronautical Engineering - CIVIL
S0221,Nandini Rao 0221,863,114,74171,OC,SR University - ECE,Anurag Engineering College - ECE,Vasavi College of Engineering - EEE,B V Raju Institute of Technology - MECH,Keshav Memorial Institute of Technology - EEE
S0222,Nikhil Goud 0222,963,160,770,BC-B,"JNTUH University College of Engineering, Jagtial - CSE",KG Reddy College of Engineering and Technology - CSE-AIML,CMR Institute of Technology - EEE,"JNTUH University College of Engineering, Wanaparthy - ECE",Guru Nanak Institute of Technology - CIVIL
S0223,Pooja Yadav 0223,853,124,47853,OC,Mahathma Gandhi University College of Engineering and Technology - CSE,Mahatma Gandhi Institute of Technology - MECH,Balaji Institute of Technology and Science - ECE,Anurag Engineering College - CIVIL,Malla Reddy Engineering College and Management Sciences - CSE-AIML
S0224,Pranav Yadav 0224,788,110,105695,SC,Chaitanya Bharathi Institute of Technology - EEE,"University College of Engineering, Rajanna Sircilla - CSE-AIML","JNTUH University College of Engineering, Jagtial - CSE",Kakatiya Institute of Technology and Science - CSE-AIML,Malla Reddy University - CSE
S0225,Priya Singh 0225,792,81,203064,OC,Maturi Venkata Subba Rao Engineering College - EEE,Malla Reddy Engineering College and Management Sciences - CIVIL,Vaagdevi Engineering College - CSE-AIML,Gokaraju Rangaraju Institute of Engineering and Technology - CIVIL,"JNTUH University College of Engineering, Hyderabad - CSE"
S0226,Rahul Khan 0226,963,159,1462,EWS,"University College of Engineering, Rajanna Sircilla - EEE",Vaagdevi Engineering College - CSE,Chaitanya Bharathi Institute of Technology - CSE,"University College of Engineering, Osmania University - CIVIL","University College of Engineering, Kakatiya University - CSE-AIML"
S0227,Rakesh Khan 0227,968,145,906,SC,SR University - ECE,Gokaraju Rangaraju Institute of Engineering and Technology - CSE-AIML,MLR Institute of Technology - ECE,"JNTUH University College of Engineering, Sultanpur - EEE",Marri Laxman Reddy Institute of Technology and Management - MECH
S0228,Riya Shetty 0228,871,107,73738,BC-B,Vaagdevi Engineering College - CSE,KG Reddy College of Engineering and Technology - EEE,Anurag Engineering College - EEE,Princeton Institute of Engineering and Technology for Women - CSE,Nalla Malla Reddy Engineering College - CSE
S0229,Rohit Naidu 0229,833,90,148505,SC,VNR Vignana Jyothi Institute of Engineering and Technology - ECE,Kakatiya Institute of Technology and Science - ECE,MVSR Engineering College - CSE-AIML,Mahatma Gandhi Institute of Technology - CSE-AIML,Samskruti College of Engineering and Technology - CSE
S0230,Sai Verma 0230,855,90,109179,SC,Nalgonda Institute of Technology and Science - EEE,Malla Reddy Engineering College and Management Sciences - MECH,Malla Reddy University - CSE-AIML,Muffakham Jah College of Engineering and Technology - ECE,Jayamukhi Institute of Technological Sciences - CSE
S0231,Sanjana Singh 0231,844,83,140580,OC,Princeton Institute of Engineering and Technology for Women - ECE,Chaitanya Bharathi Institute of Technology - EEE,Sphoorthy Engineering College - ECE,Malla Reddy University - EEE,Kakatiya Institute of Technology and Science - CIVIL
S0232,Sanjay Chowdary 0232,918,132,11383,BC-C,Jayamukhi Institute of Technological Sciences - ECE,"JNTUH University College of Engineering, Palair - ECE",Sreenidhi Institute of Science and Technology - EEE,Muffakham Jah College of Engineering and Technology - MECH,Keshav Memorial Institute of Technology - CIVIL
S0233,Sathvik Yadav 0233,868,123,35708,ST,Balaji Institute of Technology and Science - EEE,"University College of Engineering, Osmania University - CSE-AIML","University College of Engineering, Kakatiya University - EEE",Samskruti College of Engineering and Technology - CSE,CMR College of Engineering & Technology - CSE-AIML
S0234,Shreya Yadav 0234,942,139,17975,OC,Malla Reddy Engineering College - EEE,Vaagdevi Engineering College - MECH,"JNTUH University College of Engineering, Hyderabad - MECH","JNTUH University College of Engineering, Manthani - CSE-AIML","JNTUH University College of Engineering, Mahabubabad - EEE"
S0235,Siddharth Bhat 0235,860,129,52133,BC-B,Balaji Institute of Technology and Science - CIVIL,Anurag University - CIVIL,Jayamukhi Institute of Technological Sciences - CSE,SR University - CIVIL,KITS Warangal - ECE
S0236,Sneha Kumar 0236,888,96,122722,OC,Sphoorthy Engineering College - MECH,Samskruti College of Engineering and Technology - CSE,Samskruti College of Engineering and Technology - ECE,Guru Nanak Institutions Technical Campus - EEE,Samskruti College of Engineering and Technology - EEE
S0237,Srinivas Sharma 0237,843,105,87599,BC-B,Siddhartha Institute of Technology and Sciences - MECH,CMR Technical Campus - EEE,SR University - MECH,VNR Vignana Jyothi Institute of Engineering and Technology - ECE,"JNTUH University College of Engineering, Manthani - EEE"
S0238,Srujana Shetty 0238,870,105,71808,EWS,CVR College of Engineering - CSE-AIML,Keshav Memorial Institute of Technology - CSE-AIML,"JNTUH University College of Engineering, Palair - CIVIL",Vasavi College of Engineering - ECE,"JNTUH University College of Engineering, Jagtial - ECE"
S0239,Teja Deshmukh 0239,890,115,91586,OC,Gokaraju Rangaraju Institute of Engineering and Technology - CSE-AIML,"JNTUH University College of Engineering, Hyderabad - CIVIL",Jyothishmathi Institute of Technology and Science - ECE,Sreenidhi Institute of Science and Technology - CIVIL,VNR Vignana Jyothi Institute of Engineering and Technology - CSE
S0240,Varun Prasad 0240,836,96,128939,EWS,Guru Nanak Institutions Technical Campus - ECE,MVSR Engineering College - MECH,"JNTUH University College of Engineering, Sultanpur - CSE",Vardhaman College of Engineering - CSE-AIML,KITS Warangal - CSE-AIML
S0241,Vamshi Rao 0241,922,155,4838,BC-B,Vasavi College of Engineering - CSE-AIML,Kamala Nehru Polytechnic College for Women - MECH,Balaji Institute of Technology and Science - CIVIL,"JNTUH University College of Engineering, Jagtial - EEE",CMR Institute of Technology - CSE-AIML
S0242,Vishal Bhat 0242,923,132,16733,OC,"JNTUH University College of Engineering, Wanaparthy - ECE",Malla Reddy Engineering College and Management Sciences - MECH,Marri Laxman Reddy Institute of Technology and Management - CIVIL,Malla Reddy Engineering College - ECE,Guru Nanak Institutions Technical Campus - CIVIL
S0243,Yash Bhat 0243,941,125,24034,OC,CMR Technical Campus - CSE-AIML,Kakatiya Institute of Technology and Science - CSE,Keshav Memorial Institute of Technology - CIVIL,Maturi Venkata Subba Rao Engineering College - ECE,"JNTUH University College of Engineering, Hyderabad - ECE"
S0244,Anusha Deshmukh 0244,878,114,72539,OC,Kakatiya Institute of Technology and Science - CIVIL,SR University - EEE,"JNTUH University College of Engineering, Palair - CSE",Anurag University - MECH,Vardhaman College of Engineering - CIVIL
S0245,Bhargav Khan 0245,917,136,21962,OC,Sreenidhi Institute of Science and Technology - ECE,CMR College of Engineering & Technology - MECH,"JNTUH University College of Engineering, Hyderabad - ECE",Samskruti College of Engineering and Technology - EEE,KG Reddy College of Engineering and Technology - CSE
S0246,Hemanth Yadav 0246,848,105,122752,BC-D,Samskruti College of Engineering and Technology - ECE,Kakatiya Institute of Technology and Science - MECH,Vardhaman College of Engineering - EEE,Jyothishmathi Institute of Technology and Science - CSE-AIML,Princeton Institute of Engineering and Technology for Women - CIVIL
S0247,Mounika Chowdary 0247,875,88,136902,SC,"JNTUH University College of Engineering, Manthani - CSE","University College of Engineering, Kakatiya University - CIVIL","JNTUH University College of Engineering, Manthani - EEE",VNR Vignana Jyothi Institute of Engineering and Technology - CIVIL,CMR Institute of Technology - EEE
S0248,Navya Varma 0248,920,148,4692,BC-D,"JNTUH University College of Engineering, Hyderabad - ECE",CVR College of Engineering - CSE-AIML,"JNTUH University College of Engineering, Sultanpur - CIVIL",B V Raju Institute of Technology - EEE,"University College of Engineering, Rajanna Sircilla - CIVIL"
S0249,Pavan Varma 0249,882,107,77938,SC,"University College of Engineering, Rajanna Sircilla - ECE","JNTUH University College of Engineering, Sultanpur - EEE",Princeton Institute of Engineering and Technology for Women - CSE-AIML,SR University - EEE,Kakatiya Institute of Technology and Science - CSE-AIML
S0250,Swathi Chowdary 0250,865,76,236135,OC,Mahathma Gandhi University College of Engineering and Technology - ECE,Keshav Memorial Institute of Technology - CSE,Muffakham Jah College of Engineering and Technology - ECE,CVR College of Engineering - CIVIL,Kakatiya Institute of Technology and Science - EEE
S0251,Aarav Varma 0251,844,86,137132,BC-D,CMR College of Engineering & Technology - MECH,Siddhartha Institute of Technology and Sciences - ECE,"JNTUH University College of Engineering, Palair - CIVIL",Samskruti College of Engineering and Technology - CIVIL,VNR Vignana Jyothi Institute of Engineering and Technology - CSE-AIML
S0252,Aditya Bhat 0252,925,132,37815,ST,Vasavi College of Engineering - MECH,Jyothishmathi Institute of Technology and Science - CIVIL,SR University - CIVIL,Nalla Malla Reddy Engineering College - CSE-AIML,MLR Institute of Technology - MECH
S0253,Akash Rao 0253,934,150,4552,ST,Samskruti College of Engineering and Technology - CSE,Vasavi College of Engineering - CSE,Balaji Institute of Technology and Science - CSE,Malla Reddy Engineering College - EEE,Nalla Malla Reddy Engineering College - CSE
S0254,Akshay Sharma 0254,915,143,16575,OC,"JNTUH University College of Engineering, Hyderabad - MECH",Nalla Malla Reddy Engineering College - CSE-AIML,Samskruti College of Engineering and Technology - CSE,Samskruti College of Engineering and Technology - EEE,Malla Reddy University - CSE
S0255,Ananya Chowdary 0255,847,103,133763,OC,Maturi Venkata Subba Rao Engineering College - MECH,Muffakham Jah College of Engineering and Technology - CSE-AIML,Sreenidhi Institute of Science and Technology - CSE,"JNTUH University College of Engineering, Sultanpur - EEE",Siddhartha Institute of Technology and Sciences - CIVIL
S0256,Anjali Murthy 0256,880,118,66441,EWS,"JNTUH University College of Engineering, Mahabubabad - CSE-AIML","JNTUH University College of Engineering, Jagtial - MECH",Malla Reddy University - CSE-AIML,Anurag Engineering College - CSE,"JNTUH University College of Engineering, Palair - EEE"
S0257,Arjun Rao 0257,893,147,25486,OC,CMR Institute of Technology - MECH,Muffakham Jah College of Engineering and Technology - CSE-AIML,"JNTUH University College of Engineering, Sultanpur - MECH",Guru Nanak Institutions Technical Campus - CIVIL,Jyothishmathi Institute of Technology and Science - ECE
S0258,Bhavya Naidu 0258,934,134,27853,ST,Gokaraju Rangaraju Institute of Engineering and Technology - CSE-AIML,CMR Technical Campus - CIVIL,Nalgonda Institute of Technology and Science - CIVIL,Nalla Malla Reddy Engineering College - MECH,"University College of Engineering, Rajanna Sircilla - CIVIL"
S0259,Charan Khan 0259,929,132,9039,OC,Kamala Nehru Polytechnic College for Women - CSE-AIML,Marri Laxman Reddy Institute of Technology and Management - MECH,"JNTUH University College of Engineering, Wanaparthy - MECH",Mahathma Gandhi University College of Engineering and Technology - MECH,"JNTUH University College of Engineering, Mahabubabad - MECH"
S0260,Chaitanya Bhat 0260,866,97,128877,BC-B,Mahathma Gandhi University College of Engineering and Technology - EEE,Anurag University - MECH,Malla Reddy Engineering College - ECE,Kamala Nehru Polytechnic College for Women - EEE,B V Raju Institute of Technology - CSE-AIML
S0261,Deepak Iyer 0261,853,97,114451,ST,SR University - CIVIL,CMR College of Engineering & Technology - CSE-AIML,Samskruti College of Engineering and Technology - CSE-AIML,"University College of Engineering, Kakatiya University - CSE",Anurag University - CSE
S0262,Divya Iyer 0262,889,93,114113,ST,CMR College of Engineering & Technology - CSE-AIML,Anurag University - EEE,"JNTUH University College of Engineering, Palair - ECE",KITS Warangal - MECH,Princeton Institute of Engineering and Technology for Women - CSE-AIML
S0263,Harsha Rao 0263,836,88,145577,BC-B,Princeton Institute of Engineering and Technology for Women - CIVIL,Vardhaman College of Engineering - CSE,Institute of Aeronautical Engineering - EEE,CMR Institute of Technology - CSE-AIML,MLR Institute of Technology - CSE-AIML
S0264,Ishita Kumar 0264,791,66,217498,EWS,Gokaraju Rangaraju Institute of Engineering and Technology - ECE,CMR Technical Campus - CSE-AIML,Sreenidhi Institute of Science and Technology - EEE,SR University - EEE,Kamala Nehru Polytechnic College for Women - CSE-AIML
S0265,Karthik Verma 0265,896,109,89475,BC-B,Mahatma Gandhi Institute of Technology - CSE,Sphoorthy Engineering College - CSE,Jyothishmathi Institute of Technology and Science - ECE,Institute of Aeronautical Engineering - ECE,Mahatma Gandhi Institute of Technology - MECH
S0266,Keerthana Prasad 0266,778,75,215744,OC,Vaagdevi Engineering College - ECE,"JNTUH University College of Engineering, Mahabubabad - ECE",Siddhartha Institute of Technology and Sciences - EEE,VNR Vignana Jyothi Institute of Engineering and Technology - CSE,Kamala Nehru Polytechnic College for Women - MECH
S0267,Krishna Varma 0267,840,101,126214,OC,KITS Warangal - MECH,Nalla Malla Reddy Engineering College - ECE,CMR Technical Campus - ECE,Mahathma Gandhi University College of Engineering and Technology - CIVIL,"JNTUH University College of Engineering, Palair - ECE"
S0268,Lakshmi Yadav 0268,906,136,28672,BC-D,Muffakham Jah College of Engineering and Technology - ECE,Kamala Nehru Polytechnic College for Women - MECH,CMR Technical Campus - CSE,CMR Institute of Technology - MECH,Vardhaman College of Engineering - MECH
S0269,Manoj Shetty 0269,856,88,168412,OC,Marri Laxman Reddy Institute of Technology and Management - EEE,CMR College of Engineering & Technology - CIVIL,MVSR Engineering College - CIVIL,Chaitanya Bharathi Institute of Technology - EEE,Vaagdevi Engineering College - MECH
S0270,Meghana Murthy 0270,966,141,3723,OC,Gokaraju Rangaraju Institute of Engineering and Technology - EEE,Keshav Memorial Institute of Technology - CIVIL,MLR Institute of Technology - CSE-AIML,Sphoorthy Engineering College - CSE,Princeton Institute of Engineering and Technology for Women - CSE
S0271,Nandini Reddy 0271,836,82,166523,ST,National Institute of Technology Warangal - CSE,Nalla Malla Reddy Engineering College - EEE,CVR College of Engineering - EEE,Jyothishmathi Institute of Technology and Science - CSE-AIML,B V Raju Institute of Technology - CIVIL
S0272,Nikhil Reddy 0272,894,84,116970,OC,"University College of Engineering, Rajanna Sircilla - EEE",Siddhartha Institute of Technology and Sciences - CIVIL,"University College of Engineering, Kakatiya University - CSE",KITS Warangal - CSE,KG Reddy College of Engineering and Technology - MECH
S0273,Pooja Khan 0273,809,73,234399,SC,National Institute of Technology Warangal - EEE,CMR Institute of Technology - MECH,VNR Vignana Jyothi Institute of Engineering and Technology - CIVIL,KG Reddy College of Engineering and Technology - EEE,Mahathma Gandhi University College of Engineering and Technology - CSE-AIML
S0274,Pranav Murthy 0274,797,84,168286,OC,Siddhartha Institute of Technology and Sciences - ECE,Princeton Institute of Engineering and Technology for Women - CSE-AIML,Balaji Institute of Technology and Science - ECE,Siddhartha Institute of Technology and Sciences - CIVIL,Siddhartha Institute of Technology and Sciences - MECH
S0275,Priya Khan 0275,913,147,8523,BC-C,Sreenidhi Institute of Science and Technology - ECE,Siddhartha Institute of Technology and Sciences - CSE-AIML,Nalla Malla Reddy Engineering College - CIVIL,CVR College of Engineering - EEE,MLR Institute of Technology - MECH
S0276,Rahul Nair 0276,916,149,4312,OC,National Institute of Technology Warangal - ECE,Guru Nanak Institutions Technical Campus - CIVIL,"University College of Engineering, Osmania University - ECE",Muffakham Jah College of Engineering and Technology - ECE,"JNTUH University College of Engineering, Mahabubabad - EEE"
S0277,Rakesh Nair 0277,962,157,1474,BC-B,Princeton Institute of Engineering and Technology for Women - ECE,Institute of Aeronautical Engineering - EEE,Malla Reddy Engineering College - MECH,Marri Laxman Reddy Institute of Technology and Management - CIVIL,Malla Reddy Engineering College and Management Sciences - ECE
S0278,Riya Deshmukh 0278,856,86,107395,BC-B,Nalgonda Institute of Technology and Science - ECE,Guru Nanak Institute of Technology - CSE,CMR Technical Campus - EEE,Malla Reddy Engineering College - CSE,Vardhaman College of Engineering - CSE
S0279,Rohit Sharma 0279,821,75,214694,SC,Vasavi College of Engineering - MECH,CMR Institute of Technology - CIVIL,Keshav Memorial Institute of Technology - CSE,Muffakham Jah College of Engineering and Technology - ECE,"University College of Engineering, Kakatiya University - CSE"
S0280,Sai Sharma 0280,926,148,21800,OC,Anurag Engineering College - CIVIL,VNR Vignana Jyothi Institute of Engineering and Technology - CSE,CVR College of Engineering - MECH,Sreenidhi Institute of Science and Technology - CSE-AIML,Anurag University - CIVIL
S0281,Sanjana Kumar 0281,857,100,117982,BC-E,Guru Nanak Institute of Technology - ECE,SR University - CSE,Vardhaman College of Engineering - CSE,Keshav Memorial Institute of Technology - MECH,"University College of Engineering, Rajanna Sircilla - ECE"
S0282,Sanjay Deshmukh 0282,918,108,74253,BC-D,Anurag Engineering College - EEE,Samskruti College of Engineering and Technology - MECH,"JNTUH University College of Engineering, Palair - CIVIL",Malla Reddy University - MECH,Balaji Institute of Technology and Science - ECE
S0283,Sathvik Sharma 0283,849,100,142199,BC-D,"JNTUH University College of Engineering, Palair - MECH",CMR Institute of Technology - CSE-AIML,Anurag Engineering College - CSE-AIML,Vardhaman College of Engineering - CSE,KITS Warangal - ECE
S0284,Shreya Patel 0284,839,104,101773,ST,Balaji Institute of Technology and Science - CSE,KG Reddy College of Engineering and Technology - MECH,MLR Institute of Technology - CIVIL,Mahatma Gandhi Institute of Technology - MECH,VNR Vignana Jyothi Institute of Engineering and Technology - ECE
S0285,Siddharth Varma 0285,873,119,61145,BC-E,Mahathma Gandhi University College of Engineering and Technology - CIVIL,Sphoorthy Engineering College - MECH,Vasavi College of Engineering - CIVIL,Princeton Institute of Engineering and Technology for Women - MECH,National Institute of Technology Warangal - CSE
S0286,Sneha Yadav 0286,852,118,95428,BC-B,Vardhaman College of Engineering - CSE-AIML,Vaagdevi Engineering College - ECE,Nalgonda Institute of Technology and Science - MECH,Muffakham Jah College of Engineering and Technology - EEE,"JNTUH University College of Engineering, Sultanpur - CIVIL"
S0287,Srinivas Patel 0287,895,126,45068,OC,CMR College of Engineering & Technology - CSE,Guru Nanak Institutions Technical Campus - ECE,Muffakham Jah College of Engineering and Technology - MECH,CVR College of Engineering - CSE-AIML,CMR Technical Campus - MECH
S0288,Srujana Varma 0288,837,105,78924,BC-B,Malla Reddy Engineering College and Management Sciences - ECE,Kamala Nehru Polytechnic College for Women - EEE,Malla Reddy Engineering College - CIVIL,Malla Reddy Engineering College and Management Sciences - CIVIL,"University College of Engineering, Osmania University - EEE"
S0289,Teja Verma 0289,828,60,246520,ST,CMR College of Engineering & Technology - CSE,"University College of Engineering, Osmania University - CSE",Siddhartha Institute of Technology and Sciences - CSE-AIML,Nalgonda Institute of Technology and Science - CSE-AIML,CMR College of Engineering & Technology - EEE
S0290,Varun Murthy 0290,893,145,18569,SC,Vasavi College of Engineering - CSE-AIML,"University College of Engineering, Kakatiya University - CSE-AIML",Vasavi College of Engineering - CIVIL,KITS Warangal - CSE-AIML,Sphoorthy Engineering College - CIVIL
S0291,Vamshi Naidu 0291,907,110,48447,BC-A,Princeton Institute of Engineering and Technology for Women - CSE-AIML,Malla Reddy University - CSE,KG Reddy College of Engineering and Technology - EEE,"JNTUH University College of Engineering, Sultanpur - MECH",Vasavi College of Engineering - ECE
S0292,Vishal Singh 0292,985,151,1282,BC-D,CMR Institute of Technology - CSE,"JNTUH University College of Engineering, Hyderabad - MECH",Samskruti College of Engineering and Technology - CIVIL,Siddhartha Institute of Technology and Sciences - CSE,Marri Laxman Reddy Institute of Technology and Management - CSE-AIML
S0293,Yash Shetty 0293,955,139,9962,SC,Malla Reddy Engineering College - CSE-AIML,MVSR Engineering College - ECE,"JNTUH University College of Engineering, Sultanpur - EEE",Nalgonda Institute of Technology and Science - ECE,National Institute of Technology Warangal - CSE-AIML
S0294,Anusha Naidu 0294,866,110,99418,SC,Siddhartha Institute of Technology and Sciences - EEE,Mahathma Gandhi University College of Engineering and Technology - EEE,Sphoorthy Engineering College - ECE,Kakatiya Institute of Technology and Science - CSE,CVR College of Engineering - CSE
S0295,Bhargav Naidu 0295,896,120,48683,OC,Sreenidhi Institute of Science and Technology - CSE,"JNTUH University College of Engineering, Wanaparthy - CSE",Anurag University - CSE-AIML,Vardhaman College of Engineering - ECE,Vaagdevi Engineering College - CSE-AIML
S0296,Hemanth Iyer 0296,990,152,3949,OC,"JNTUH University College of Engineering, Manthani - ECE",Chaitanya Bharathi Institute of Technology - MECH,Malla Reddy University - CSE-AIML,Gokaraju Rangaraju Institute of Engineering and Technology - MECH,CMR Technical Campus - ECE
S0297,Mounika Nair 0297,975,138,3123,BC-D,MVSR Engineering College - CSE-AIML,Jayamukhi Institute of Technological Sciences - ECE,CMR Technical Campus - CSE,Mahathma Gandhi University College of Engineering and Technology - CSE,Institute of Aeronautical Engineering - CIVIL
S0298,Navya Reddy 0298,883,129,26107,ST,Sphoorthy Engineering College - ECE,"JNTUH University College of Engineering, Mahabubabad - EEE",Malla Reddy University - ECE,Nalgonda Institute of Technology and Science - CSE,Malla Reddy Engineering College - CSE
S0299,Pavan Prasad 0299,960,146,7137,OC,"JNTUH University College of Engineering, Jagtial - CSE","JNTUH University College of Engineering, Jagtial - ECE",Sreenidhi Institute of Science and Technology - EEE,Chaitanya Bharathi Institute of Technology - CSE,National Institute of Technology Warangal - ECE
S0300,Swathi Deshmukh 0300,834,102,100715,BC-B,Princeton Institute of Engineering and Technology for Women - ECE,Guru Nanak Institute of Technology - MECH,Marri Laxman Reddy Institute of Technology and Management - CIVIL,Malla Reddy Engineering College - EEE,Kakatiya Institute of Technology and Science - CIVIL
S0301,Aarav Khan 0301,887,106,90080,ST,"JNTUH University College of Engineering, Manthani - CIVIL",SR University - MECH,"University College of Engineering, Rajanna Sircilla - CSE-AIML",MLR Institute of Technology - CSE-AIML,"JNTUH University College of Engineering, Jagtial - CSE"
S0302,Aditya Rao 0302,862,95,139383,BC-B,Nalla Malla Reddy Engineering College - EEE,"JNTUH University College of Engineering, Jagtial - CSE-AIML","JNTUH University College of Engineering, Hyderabad - ECE",Guru Nanak Institutions Technical Campus - CSE-AIML,Samskruti College of Engineering and Technology - MECH
S0303,Akash Kumar 0303,960,123,48095,OC,Nalgonda Institute of Technology and Science - CSE,"JNTUH University College of Engineering, Sultanpur - EEE",SR University - CIVIL,MLR Institute of Technology - CSE,CMR Institute of Technology - EEE
S0304,Akshay Nair 0304,916,140,29881,BC-A,Mahathma Gandhi University College of Engineering and Technology - CSE-AIML,KITS Warangal - MECH,Maturi Venkata Subba Rao Engineering College - EEE,Jyothishmathi Institute of Technology and Science - EEE,"JNTUH University College of Engineering, Palair - MECH"
S0305,Ananya Prasad 0305,829,82,158842,OC,Muffakham Jah College of Engineering and Technology - CIVIL,Balaji Institute of Technology and Science - CSE-AIML,Anurag Engineering College - CIVIL,KG Reddy College of Engineering and Technology - CSE,"JNTUH University College of Engineering, Mahabubabad - EEE"
S0306,Anjali Goud 0306,823,82,170243,SC,Siddhartha Institute of Technology and Sciences - MECH,Siddhartha Institute of Technology and Sciences - CIVIL,"University College of Engineering, Kakatiya University - CSE","JNTUH University College of Engineering, Wanaparthy - MECH",Vaagdevi Engineering College - CIVIL
S0307,Arjun Iyer 0307,882,102,91833,BC-B,Marri Laxman Reddy Institute of Technology and Management - EEE,CVR College of Engineering - ECE,Kakatiya Institute of Technology and Science - EEE,National Institute of Technology Warangal - MECH,"JNTUH University College of Engineering, Sultanpur - CSE-AIML"
S0308,Bhavya Rao 0308,855,101,141461,BC-D,Anurag Engineering College - MECH,National Institute of Technology Warangal - ECE,"JNTUH University College of Engineering, Hyderabad - ECE",Kamala Nehru Polytechnic College for Women - EEE,Institute of Aeronautical Engineering - EEE
S0309,Charan Shetty 0309,893,123,67846,OC,Keshav Memorial Institute of Technology - ECE,Institute of Aeronautical Engineering - CSE,Malla Reddy Engineering College - EEE,Mahathma Gandhi University College of Engineering and Technology - ECE,Vardhaman College of Engineering - CSE
S0310,Chaitanya Yadav 0310,921,109,55245,BC-E,VNR Vignana Jyothi Institute of Engineering and Technology - EEE,Sreenidhi Institute of Science and Technology - MECH,"University College of Engineering, Kakatiya University - ECE",Guru Nanak Institute of Technology - ECE,Jayamukhi Institute of Technological Sciences - MECH
S0311,Deepak Singh 0311,927,122,28671,EWS,Maturi Venkata Subba Rao Engineering College - EEE,Keshav Memorial Institute of Technology - ECE,Jyothishmathi Institute of Technology and Science - CSE,SR University - MECH,KG Reddy College of Engineering and Technology - CSE-AIML
S0312,Divya Sharma 0312,765,71,249416,BC-D,"JNTUH University College of Engineering, Sultanpur - ECE",Maturi Venkata Subba Rao Engineering College - MECH,Anurag Engineering College - CSE-AIML,Sphoorthy Engineering College - MECH,Anurag Engineering College - ECE
S0313,Harsha Iyer 0313,838,102,124923,BC-A,SR University - ECE,Jyothishmathi Institute of Technology and Science - CIVIL,Sreenidhi Institute of Science and Technology - CSE,Kamala Nehru Polytechnic College for Women - CSE-AIML,"University College of Engineering, Rajanna Sircilla - EEE"
S0314,Ishita Prasad 0314,843,93,145760,SC,CVR College of Engineering - CSE-AIML,MLR Institute of Technology - CSE-AIML,Princeton Institute of Engineering and Technology for Women - EEE,Jayamukhi Institute of Technological Sciences - EEE,National Institute of Technology Warangal - ECE
S0315,Karthik Murthy 0315,814,55,247120,BC-D,Keshav Memorial Institute of Technology - MECH,"JNTUH University College of Engineering, Wanaparthy - EEE",Chaitanya Bharathi Institute of Technology - MECH,B V Raju Institute of Technology - CSE-AIML,MVSR Engineering College - ECE
S0316,Keerthana Singh 0316,833,99,99985,OC,Anurag University - MECH,Jayamukhi Institute of Technological Sciences - CSE-AIML,Samskruti College of Engineering and Technology - EEE,Sphoorthy Engineering College - MECH,Guru Nanak Institute of Technology - CIVIL
S0317,Krishna Yadav 0317,832,62,243426,SC,Malla Reddy Engineering College and Management Sciences - CSE-AIML,Anurag University - ECE,Anurag Engineering College - CSE,Vasavi College of Engineering - MECH,Muffakham Jah College of Engineering and Technology - CSE
S0318,Lakshmi Sharma 0318,873,113,65980,OC,Nalla Malla Reddy Engineering College - CIVIL,Vasavi College of Engineering - ECE,National Institute of Technology Warangal - MECH,Anurag Engineering College - CIVIL,Muffakham Jah College of Engineering and Technology - CIVIL
S0319,Manoj Murthy 0319,895,107,82831,OC,Samskruti College of Engineering and Technology - MECH,"JNTUH University College of Engineering, Palair - CSE-AIML","JNTUH University College of Engineering, Hyderabad - CIVIL",Institute of Aeronautical Engineering - MECH,VNR Vignana Jyothi Institute of Engineering and Technology - CIVIL
S0320,Meghana Chowdary 0320,956,130,12806,BC-C,MVSR Engineering College - ECE,Muffakham Jah College of Engineering and Technology - CSE,Anurag Engineering College - MECH,Jyothishmathi Institute of Technology and Science - CSE-AIML,"JNTUH University College of Engineering, Palair - CSE-AIML"
S0321,Nandini Singh 0321,840,94,111267,BC-A,"JNTUH University College of Engineering, Palair - CSE-AIML",National Institute of Technology Warangal - CSE-AIML,Sreenidhi Institute of Science and Technology - MECH,Princeton Institute of Engineering and Technology for Women - ECE,Marri Laxman Reddy Institute of Technology and Management - MECH
S0322,Nikhil Nair 0322,950,137,13604,BC-A,Maturi Venkata Subba Rao Engineering College - CSE,Keshav Memorial Institute of Technology - MECH,"University College of Engineering, Osmania University - CSE",Anurag University - CIVIL,"University College of Engineering, Rajanna Sircilla - ECE"
S0323,Pooja Rao 0323,921,104,54441,OC,"JNTUH University College of Engineering, Hyderabad - MECH",MVSR Engineering College - CSE,Nalgonda Institute of Technology and Science - ECE,Gokaraju Rangaraju Institute of Engineering and Technology - CSE,Anurag University - CSE-AIML
S0324,Pranav Rao 0324,911,139,35469,SC,Mahathma Gandhi University College of Engineering and Technology - CSE,National Institute of Technology Warangal - ECE,Mahatma Gandhi Institute of Technology - ECE,"JNTUH University College of Engineering, Mahabubabad - ECE",Jayamukhi Institute of Technological Sciences - CSE
S0325,Priya Murthy 0325,866,106,126565,OC,"JNTUH University College of Engineering, Manthani - CIVIL",MVSR Engineering College - CSE-AIML,Samskruti College of Engineering and Technology - CSE,Kakatiya Institute of Technology and Science - CSE-AIML,"University College of Engineering, Kakatiya University - MECH"
S0326,Rahul Murthy 0326,900,133,16506,OC,Jayamukhi Institute of Technological Sciences - EEE,Vaagdevi Engineering College - CIVIL,Keshav Memorial Institute of Technology - CIVIL,National Institute of Technology Warangal - MECH,Maturi Venkata Subba Rao Engineering College - CIVIL
S0327,Rakesh Iyer 0327,812,86,143599,BC-B,CMR Technical Campus - CSE-AIML,Vaagdevi Engineering College - CSE-AIML,Institute of Aeronautical Engineering - CSE-AIML,Nalgonda Institute of Technology and Science - MECH,MVSR Engineering College - CSE
S0328,Riya Naidu 0328,880,103,88621,OC,Malla Reddy Engineering College and Management Sciences - EEE,Nalla Malla Reddy Engineering College - CSE,Jayamukhi Institute of Technological Sciences - CSE,Jyothishmathi Institute of Technology and Science - MECH,"JNTUH University College of Engineering, Sultanpur - ECE"
S0329,Rohit Chowdary 0329,796,85,142302,BC-D,Malla Reddy Engineering College and Management Sciences - CSE,"JNTUH University College of Engineering, Jagtial - ECE",MVSR Engineering College - EEE,Anurag University - CSE,Kakatiya Institute of Technology and Science - CSE-AIML
S0330,Sai Yadav 0330,847,107,99460,BC-A,Guru Nanak Institute of Technology - MECH,Guru Nanak Institute of Technology - CIVIL,CMR College of Engineering & Technology - MECH,Vardhaman College of Engineering - CSE-AIML,Malla Reddy Engineering College and Management Sciences - CSE
S0331,Sanjana Khan 0331,907,121,33316,OC,Jyothishmathi Institute of Technology and Science - EEE,SR University - ECE,"JNTUH University College of Engineering, Sultanpur - ECE","University College of Engineering, Osmania University - MECH",Anurag University - CSE-AIML
S0332,Sanjay Nair 0332,871,105,115187,OC,Institute of Aeronautical Engineering - ECE,Sphoorthy Engineering College - CSE,"University College of Engineering, Osmania University - MECH",KITS Warangal - CSE-AIML,Maturi Venkata Subba Rao Engineering College - CSE
S0333,Sathvik Varma 0333,925,123,55644,SC,Nalla Malla Reddy Engineering College - CSE-AIML,Samskruti College of Engineering and Technology - CSE-AIML,Gokaraju Rangaraju Institute of Engineering and Technology - CSE-AIML,MLR Institute of Technology - CSE-AIML,Marri Laxman Reddy Institute of Technology and Management - ECE
S0334,Shreya Deshmukh 0334,915,119,54888,SC,Samskruti College of Engineering and Technology - ECE,Malla Reddy University - CSE,"JNTUH University College of Engineering, Manthani - CSE",Kakatiya Institute of Technology and Science - CSE,Jayamukhi Institute of Technological Sciences - EEE
S0335,Siddharth Verma 0335,870,138,41209,OC,Vaagdevi Engineering College - MECH,Mahathma Gandhi University College of Engineering and Technology - CIVIL,MLR Institute of Technology - CSE-AIML,KG Reddy College of Engineering and Technology - CIVIL,Mahatma Gandhi Institute of Technology - MECH
S0336,Sneha Deshmukh 0336,856,110,96831,SC,B V Raju Institute of Technology - EEE,Keshav Memorial Institute of Technology - ECE,"JNTUH University College of Engineering, Hyderabad - CIVIL",National Institute of Technology Warangal - CSE,Anurag Engineering College - EEE
S0337,Srinivas Reddy 0337,961,146,5079,SC,Kamala Nehru Polytechnic College for Women - ECE,Malla Reddy Engineering College - CSE,"JNTUH University College of Engineering, Mahabubabad - CIVIL",CVR College of Engineering - CIVIL,Chaitanya Bharathi Institute of Technology - ECE
S0338,Srujana Bhat 0338,941,148,4705,OC,Gokaraju Rangaraju Institute of Engineering and Technology - CSE,Anurag University - MECH,Guru Nanak Institutions Technical Campus - ECE,"JNTUH University College of Engineering, Mahabubabad - CSE",Nalgonda Institute of Technology and Science - MECH
S0339,Teja Singh 0339,889,120,72412,SC,Balaji Institute of Technology and Science - EEE,SR University - CSE-AIML,"JNTUH University College of Engineering, Manthani - CSE-AIML",Kamala Nehru Polytechnic College for Women - EEE,CMR Technical Campus - CIVIL
S0340,Varun Verma 0340,864,112,57345,BC-D,Jyothishmathi Institute of Technology and Science - ECE,KG Reddy College of Engineering and Technology - EEE,Vaagdevi Engineering College - EEE,Anurag University - CIVIL,Mahathma Gandhi University College of Engineering and Technology - CIVIL
S0341,Vamshi Singh 0341,824,87,129340,EWS,Jyothishmathi Institute of Technology and Science - ECE,Mahathma Gandhi University College of Engineering and Technology - MECH,"JNTUH University College of Engineering, Sultanpur - MECH","JNTUH University College of Engineering, Hyderabad - CSE","JNTUH University College of Engineering, Palair - CSE-AIML"
S0342,Vishal Reddy 0342,896,88,172670,BC-A,Kamala Nehru Polytechnic College for Women - ECE,"JNTUH University College of Engineering, Sultanpur - EEE",KG Reddy College of Engineering and Technology - EEE,"JNTUH University College of Engineering, Wanaparthy - EEE","JNTUH University College of Engineering, Mahabubabad - ECE"
S0343,Yash Yadav 0343,845,104,111430,BC-E,Gokaraju Rangaraju Institute of Engineering and Technology - CSE,Nalgonda Institute of Technology and Science - MECH,Sphoorthy Engineering College - CSE,CMR Institute of Technology - CIVIL,Marri Laxman Reddy Institute of Technology and Management - MECH
S0344,Anusha Sharma 0344,861,98,98814,OC,KITS Warangal - CIVIL,Guru Nanak Institute of Technology - CSE,Vasavi College of Engineering - CSE-AIML,Sphoorthy Engineering College - CSE,CMR College of Engineering & Technology - EEE
S0345,Bhargav Yadav 0345,887,114,106393,OC,Anurag Engineering College - CSE,Anurag Engineering College - ECE,Anurag University - CSE-AIML,CMR Institute of Technology - CSE-AIML,Sphoorthy Engineering College - CIVIL
S0346,Hemanth Kumar 0346,814,70,213236,BC-B,MVSR Engineering College - EEE,Sreenidhi Institute of Science and Technology - CSE,Institute of Aeronautical Engineering - MECH,Kamala Nehru Polytechnic College for Women - MECH,Jayamukhi Institute of Technological Sciences - ECE
S0347,Mounika Sharma 0347,964,147,15818,OC,Malla Reddy Engineering College - MECH,Muffakham Jah College of Engineering and Technology - MECH,"University College of Engineering, Osmania University - CSE",Malla Reddy Engineering College and Management Sciences - CSE-AIML,"University College of Engineering, Rajanna Sircilla - CSE"
S0348,Navya Sharma 0348,961,125,47464,SC,Vasavi College of Engineering - CSE,Jayamukhi Institute of Technological Sciences - EEE,Malla Reddy Engineering College - EEE,Anurag Engineering College - CSE,CMR Technical Campus - EEE
S0349,Pavan Verma 0349,812,61,241195,OC,"JNTUH University College of Engineering, Wanaparthy - CSE-AIML",Mahatma Gandhi Institute of Technology - EEE,Malla Reddy University - CIVIL,SR University - ECE,"University College of Engineering, Osmania University - CSE"
S0350,Swathi Murthy 0350,990,155,743,OC,Anurag Engineering College - ECE,Nalla Malla Reddy Engineering College - CSE-AIML,"University College of Engineering, Rajanna Sircilla - EEE",Kamala Nehru Polytechnic College for Women - CIVIL,Anurag University - MECH
S0351,Aarav Singh 0351,824,68,162230,SC,Vasavi College of Engineering - ECE,Guru Nanak Institute of Technology - CSE,CMR Institute of Technology - CIVIL,Balaji Institute of Technology and Science - ECE,National Institute of Technology Warangal - CIVIL
S0352,Aditya Kumar 0352,793,103,120567,OC,Jayamukhi Institute of Technological Sciences - EEE,SR University - CSE,"University College of Engineering, Osmania University - ECE",Maturi Venkata Subba Rao Engineering College - CSE,Kamala Nehru Polytechnic College for Women - CSE-AIML
S0353,Akash Prasad 0353,945,143,11877,SC,"University College of Engineering, Rajanna Sircilla - EEE",Vardhaman College of Engineering - CSE,Vardhaman College of Engineering - ECE,"University College of Engineering, Kakatiya University - EEE",Kakatiya Institute of Technology and Science - CSE
S0354,Akshay Singh 0354,911,129,47979,BC-B,"JNTUH University College of Engineering, Sultanpur - EEE",Vaagdevi Engineering College - CSE-AIML,Chaitanya Bharathi Institute of Technology - CSE,"JNTUH University College of Engineering, Mahabubabad - CSE-AIML",KG Reddy College of Engineering and Technology - CIVIL
S0355,Ananya Sharma 0355,857,111,59341,BC-B,Mahatma Gandhi Institute of Technology - ECE,Guru Nanak Institute of Technology - CSE,Sreenidhi Institute of Science and Technology - ECE,Institute of Aeronautical Engineering - CSE-AIML,Guru Nanak Institute of Technology - ECE
S0356,Anjali Singh 0356,886,133,23799,BC-B,Jayamukhi Institute of Technological Sciences - CSE,Jyothishmathi Institute of Technology and Science - EEE,Kakatiya Institute of Technology and Science - CSE,CMR College of Engineering & Technology - CSE,"JNTUH University College of Engineering, Palair - CIVIL"
S0357,Arjun Verma 0357,886,119,34573,SC,Vaagdevi Engineering College - ECE,"JNTUH University College of Engineering, Wanaparthy - CIVIL",Nalgonda Institute of Technology and Science - CSE,"JNTUH University College of Engineering, Jagtial - CSE-AIML",Jyothishmathi Institute of Technology and Science - CSE
S0358,Bhavya Deshmukh 0358,859,119,42390,SC,Institute of Aeronautical Engineering - CSE-AIML,CMR Institute of Technology - CSE,Jyothishmathi Institute of Technology and Science - ECE,"University College of Engineering, Kakatiya University - CSE",Anurag Engineering College - MECH
S0359,Charan Goud 0359,947,153,6702,BC-C,"JNTUH University College of Engineering, Hyderabad - CSE",MVSR Engineering College - CIVIL,CMR Technical Campus - CSE,Nalla Malla Reddy Engineering College - CIVIL,"University College of Engineering, Kakatiya University - CSE"
S0360,Chaitanya Rao 0360,874,123,54490,SC,Jayamukhi Institute of Technological Sciences - MECH,Anurag University - MECH,"JNTUH University College of Engineering, Mahabubabad - CSE-AIML",CMR Technical Campus - CSE,Keshav Memorial Institute of Technology - MECH
S0361,Deepak Rao 0361,958,141,28093,ST,VNR Vignana Jyothi Institute of Engineering and Technology - CSE,Kakatiya Institute of Technology and Science - CSE,Samskruti College of Engineering and Technology - MECH,Siddhartha Institute of Technology and Sciences - CIVIL,Vaagdevi Engineering College - MECH
S0362,Divya Khan 0362,913,124,61998,SC,"JNTUH University College of Engineering, Palair - ECE",Sreenidhi Institute of Science and Technology - EEE,"University College of Engineering, Osmania University - CSE-AIML",Institute of Aeronautical Engineering - EEE,SR University - EEE
S0363,Harsha Singh 0363,958,156,1484,BC-C,Kakatiya Institute of Technology and Science - ECE,Muffakham Jah College of Engineering and Technology - EEE,Mahatma Gandhi Institute of Technology - CSE-AIML,Sphoorthy Engineering College - CSE-AIML,Marri Laxman Reddy Institute of Technology and Management - CSE-AIML
S0364,Ishita Prasad 0364,901,109,36777,OC,"University College of Engineering, Osmania University - MECH","University College of Engineering, Kakatiya University - MECH",Chaitanya Bharathi Institute of Technology - EEE,Guru Nanak Institute of Technology - CIVIL,Malla Reddy University - CSE-AIML
S0365,Karthik Prasad 0365,881,103,134782,OC,CMR College of Engineering & Technology - CSE,CMR Institute of Technology - CSE-AIML,Muffakham Jah College of Engineering and Technology - CSE,Nalla Malla Reddy Engineering College - MECH,CVR College of Engineering - MECH
S0366,Keerthana Prasad 0366,877,101,110934,EWS,Marri Laxman Reddy Institute of Technology and Management - EEE,VNR Vignana Jyothi Institute of Engineering and Technology - MECH,CMR College of Engineering & Technology - CSE,Princeton Institute of Engineering and Technology for Women - CSE-AIML,"JNTUH University College of Engineering, Manthani - EEE"
S0367,Krishna Deshmukh 0367,782,98,200065,OC,Jayamukhi Institute of Technological Sciences - CSE,"JNTUH University College of Engineering, Sultanpur - MECH","University College of Engineering, Kakatiya University - CIVIL",Malla Reddy Engineering College and Management Sciences - CIVIL,Malla Reddy Engineering College - CIVIL
S0368,Lakshmi Goud 0368,819,86,213117,BC-B,Kakatiya Institute of Technology and Science - CSE,"University College of Engineering, Rajanna Sircilla - CIVIL",Mahatma Gandhi Institute of Technology - CSE-AIML,Nalgonda Institute of Technology and Science - CSE-AIML,CMR Technical Campus - ECE
S0369,Manoj Patel 0369,861,100,124995,OC,Muffakham Jah College of Engineering and Technology - EEE,"JNTUH University College of Engineering, Wanaparthy - MECH",Vardhaman College of Engineering - ECE,Guru Nanak Institutions Technical Campus - CSE-AIML,Malla Reddy Engineering College - CSE
S0370,Meghana Verma 0370,896,121,55276,BC-A,Vaagdevi Engineering College - CSE-AIML,"JNTUH University College of Engineering, Manthani - CSE-AIML",Malla Reddy University - CSE-AIML,Maturi Venkata Subba Rao Engineering College - CSE,KITS Warangal - ECE
S0371,Nandini Shetty 0371,872,92,129071,OC,Sreenidhi Institute of Science and Technology - EEE,Vasavi College of Engineering - EEE,"JNTUH University College of Engineering, Manthani - MECH","JNTUH University College of Engineering, Palair - EEE","JNTUH University College of Engineering, Manthani - CSE"
S0372,Nikhil Singh 0372,825,79,156718,BC-B,"JNTUH University College of Engineering, Manthani - EEE","JNTUH University College of Engineering, Manthani - CSE-AIML",VNR Vignana Jyothi Institute of Engineering and Technology - ECE,"JNTUH University College of Engineering, Sultanpur - ECE",Kamala Nehru Polytechnic College for Women - MECH
S0373,Pooja Rao 0373,879,132,20730,EWS,CMR College of Engineering & Technology - EEE,"JNTUH University College of Engineering, Sultanpur - EEE",CVR College of Engineering - CIVIL,"JNTUH University College of Engineering, Hyderabad - CSE-AIML",National Institute of Technology Warangal - MECH
S0374,Pranav Khan 0374,960,141,13716,BC-B,"JNTUH University College of Engineering, Hyderabad - CIVIL",Maturi Venkata Subba Rao Engineering College - MECH,Guru Nanak Institute of Technology - CSE,SR University - MECH,MVSR Engineering College - CSE
S0375,Priya Bhat 0375,879,119,37743,OC,Muffakham Jah College of Engineering and Technology - ECE,MVSR Engineering College - CIVIL,Nalla Malla Reddy Engineering College - MECH,Jayamukhi Institute of Technological Sciences - ECE,KITS Warangal - EEE
S0376,Rahul Singh 0376,849,100,103624,ST,VNR Vignana Jyothi Institute of Engineering and Technology - CSE-AIML,B V Raju Institute of Technology - MECH,CMR College of Engineering & Technology - CSE-AIML,Institute of Aeronautical Engineering - CSE,Guru Nanak Institutions Technical Campus - MECH
S0377,Rakesh Khan 0377,885,120,72128,BC-A,"JNTUH University College of Engineering, Manthani - EEE",Muffakham Jah College of Engineering and Technology - MECH,Princeton Institute of Engineering and Technology for Women - ECE,"University College of Engineering, Kakatiya University - ECE",Marri Laxman Reddy Institute of Technology and Management - CSE-AIML
S0378,Riya Khan 0378,796,77,168003,OC,Anurag Engineering College - CSE-AIML,"JNTUH University College of Engineering, Manthani - EEE",Guru Nanak Institutions Technical Campus - CIVIL,Nalgonda Institute of Technology and Science - CSE-AIML,Mahathma Gandhi University College of Engineering and Technology - CIVIL
S0379,Rohit Prasad 0379,887,118,54054,BC-A,Sphoorthy Engineering College - ECE,"JNTUH University College of Engineering, Wanaparthy - CIVIL",Gokaraju Rangaraju Institute of Engineering and Technology - CSE-AIML,Gokaraju Rangaraju Institute of Engineering and Technology - ECE,Keshav Memorial Institute of Technology - EEE
S0380,Sai Chowdary 0380,795,76,191367,OC,Jyothishmathi Institute of Technology and Science - CSE,"JNTUH University College of Engineering, Mahabubabad - CSE",Malla Reddy Engineering College and Management Sciences - EEE,Kakatiya Institute of Technology and Science - CSE-AIML,Nalgonda Institute of Technology and Science - EEE
S0381,Sanjana Patel 0381,857,111,78495,BC-C,B V Raju Institute of Technology - MECH,Mahathma Gandhi University College of Engineering and Technology - CSE-AIML,"JNTUH University College of Engineering, Wanaparthy - CSE-AIML",Guru Nanak Institute of Technology - CSE,CMR Institute of Technology - MECH
S0382,Sanjay Shetty 0382,908,135,12929,OC,Maturi Venkata Subba Rao Engineering College - CSE-AIML,Nalla Malla Reddy Engineering College - CSE,Malla Reddy Engineering College - CIVIL,Kakatiya Institute of Technology and Science - CIVIL,Siddhartha Institute of Technology and Sciences - CSE
S0383,Sathvik Naidu 0383,820,93,123606,SC,MLR Institute of Technology - CSE-AIML,MVSR Engineering College - ECE,KG Reddy College of Engineering and Technology - CSE,Siddhartha Institute of Technology and Sciences - EEE,Balaji Institute of Technology and Science - EEE
S0384,Shreya Bhat 0384,938,117,24705,OC,Nalla Malla Reddy Engineering College - CIVIL,Institute of Aeronautical Engineering - CSE,CMR Technical Campus - CIVIL,Marri Laxman Reddy Institute of Technology and Management - ECE,SR University - CIVIL
S0385,Siddharth Kumar 0385,907,118,53545,BC-B,National Institute of Technology Warangal - CIVIL,Guru Nanak Institute of Technology - CSE-AIML,Marri Laxman Reddy Institute of Technology and Management - CSE,Vardhaman College of Engineering - ECE,Chaitanya Bharathi Institute of Technology - CIVIL
S0386,Sneha Deshmukh 0386,888,121,60700,EWS,Malla Reddy University - EEE,Maturi Venkata Subba Rao Engineering College - CIVIL,CMR College of Engineering & Technology - ECE,Anurag Engineering College - ECE,Vaagdevi Engineering College - ECE
S0387,Srinivas Singh 0387,873,123,57482,OC,KITS Warangal - EEE,Kakatiya Institute of Technology and Science - EEE,Chaitanya Bharathi Institute of Technology - EEE,SR University - CSE,Anurag Engineering College - ECE
S0388,Srujana Chowdary 0388,882,139,28527,SC,"JNTUH University College of Engineering, Wanaparthy - CSE",CMR College of Engineering & Technology - CIVIL,Vasavi College of Engineering - MECH,"University College of Engineering, Kakatiya University - CSE",National Institute of Technology Warangal - ECE
S0389,Teja Kumar 0389,890,144,3682,OC,KG Reddy College of Engineering and Technology - CSE,B V Raju Institute of Technology - ECE,B V Raju Institute of Technology - MECH,Malla Reddy University - ECE,"JNTUH University College of Engineering, Jagtial - CIVIL"
S0390,Varun Verma 0390,891,130,35180,SC,KG Reddy College of Engineering and Technology - CSE-AIML,Princeton Institute of Engineering and Technology for Women - ECE,B V Raju Institute of Technology - ECE,Kakatiya Institute of Technology and Science - MECH,Balaji Institute of Technology and Science - CIVIL
S0391,Vamshi Goud 0391,876,117,61292,BC-B,"JNTUH University College of Engineering, Palair - EEE",Balaji Institute of Technology and Science - CSE,Balaji Institute of Technology and Science - ECE,MLR Institute of Technology - MECH,Mahatma Gandhi Institute of Technology - CSE
S0392,Vishal Kumar 0392,817,69,222462,BC-E,Princeton Institute of Engineering and Technology for Women - MECH,CMR College of Engineering & Technology - CIVIL,Balaji Institute of Technology and Science - MECH,Gokaraju Rangaraju Institute of Engineering and Technology - CSE,Malla Reddy University - EEE
S0393,Yash Iyer 0393,937,134,27457,OC,"JNTUH University College of Engineering, Wanaparthy - CSE",Malla Reddy Engineering College and Management Sciences - CSE-AIML,KITS Warangal - CSE,CVR College of Engineering - ECE,VNR Vignana Jyothi Institute of Engineering and Technology - MECH
S0394,Anusha Murthy 0394,839,91,142942,BC-E,Vaagdevi Engineering College - CSE,Malla Reddy University - CSE-AIML,Anurag University - ECE,"JNTUH University College of Engineering, Wanaparthy - ECE",Guru Nanak Institutions Technical Campus - ECE
S0395,Bhargav Verma 0395,833,78,164108,BC-D,National Institute of Technology Warangal - CSE-AIML,"JNTUH University College of Engineering, Wanaparthy - ECE","JNTUH University College of Engineering, Sultanpur - CIVIL",National Institute of Technology Warangal - CSE,Nalla Malla Reddy Engineering College - ECE
S0396,Hemanth Yadav 0396,922,156,9677,OC,CMR Technical Campus - EEE,KITS Warangal - CIVIL,Guru Nanak Institutions Technical Campus - ECE,"University College of Engineering, Rajanna Sircilla - EEE",KITS Warangal - MECH
S0397,Mounika Reddy 0397,911,144,25922,ST,"University College of Engineering, Kakatiya University - ECE",KITS Warangal - ECE,Vardhaman College of Engineering - CSE,Maturi Venkata Subba Rao Engineering College - EEE,CMR College of Engineering & Technology - MECH
S0398,Navya Khan 0398,860,86,126595,BC-E,Anurag Engineering College - EEE,Sreenidhi Institute of Science and Technology - ECE,Muffakham Jah College of Engineering and Technology - CIVIL,B V Raju Institute of Technology - CSE,Kakatiya Institute of Technology and Science - CSE-AIML
S0399,Pavan Shetty 0399,880,131,37088,SC,"JNTUH University College of Engineering, Mahabubabad - CIVIL",Anurag Engineering College - ECE,"JNTUH University College of Engineering, Sultanpur - CIVIL","JNTUH University College of Engineering, Palair - EEE",National Institute of Technology Warangal - MECH
S0400,Swathi Varma 0400,850,93,118183,OC,"JNTUH University College of Engineering, Hyderabad - EEE","JNTUH University College of Engineering, Jagtial - CSE-AIML",MVSR Engineering College - ECE,Princeton Institute of Engineering and Technology for Women - EEE,Sreenidhi Institute of Science and Technology - EEE
S0401,Aarav Singh 0401,907,133,35493,BC-D,Siddhartha Institute of Technology and Sciences - MECH,Anurag Engineering College - CIVIL,Nalla Malla Reddy Engineering College - ECE,"University College of Engineering, Rajanna Sircilla - CSE",Mahatma Gandhi Institute of Technology - CIVIL
S0402,Aditya Goud 0402,889,126,28216,BC-C,Malla Reddy Engineering College and Management Sciences - CSE,Malla Reddy Engineering College and Management Sciences - EEE,KG Reddy College of Engineering and Technology - EEE,Balaji Institute of Technology and Science - CSE-AIML,Anurag University - CSE
S0403,Akash Deshmukh 0403,855,107,64074,EWS,Marri Laxman Reddy Institute of Technology and Management - ECE,Siddhartha Institute of Technology and Sciences - CSE-AIML,"JNTUH University College of Engineering, Palair - MECH",Siddhartha Institute of Technology and Sciences - CIVIL,National Institute of Technology Warangal - ECE
S0404,Akshay Murthy 0404,987,154,3727,OC,KG Reddy College of Engineering and Technology - ECE,CMR Institute of Technology - CIVIL,Nalla Malla Reddy Engineering College - CIVIL,Vasavi College of Engineering - EEE,Malla Reddy University - CIVIL
S0405,Ananya Yadav 0405,878,98,104630,OC,Jayamukhi Institute of Technological Sciences - CSE-AIML,Malla Reddy University - MECH,Samskruti College of Engineering and Technology - EEE,Siddhartha Institute of Technology and Sciences - ECE,Malla Reddy University - ECE
S0406,Anjali Shetty 0406,941,151,4610,SC,SR University - MECH,National Institute of Technology Warangal - MECH,Anurag Engineering College - CSE-AIML,Vaagdevi Engineering College - CSE,"JNTUH University College of Engineering, Jagtial - ECE"
S0407,Arjun Kumar 0407,835,85,151491,OC,B V Raju Institute of Technology - MECH,"JNTUH University College of Engineering, Palair - ECE",Vasavi College of Engineering - MECH,Nalgonda Institute of Technology and Science - CSE,Jayamukhi Institute of Technological Sciences - CIVIL
S0408,Bhavya Murthy 0408,980,146,1710,OC,Balaji Institute of Technology and Science - CSE,Institute of Aeronautical Engineering - MECH,"University College of Engineering, Kakatiya University - MECH",MLR Institute of Technology - CSE,KITS Warangal - CSE-AIML
S0409,Charan Iyer 0409,803,65,171746,OC,MVSR Engineering College - MECH,Mahatma Gandhi Institute of Technology - ECE,Guru Nanak Institutions Technical Campus - CSE-AIML,CMR College of Engineering & Technology - EEE,Mahathma Gandhi University College of Engineering and Technology - EEE
S0410,Chaitanya Varma 0410,923,144,18595,BC-A,National Institute of Technology Warangal - ECE,"JNTUH University College of Engineering, Sultanpur - CSE-AIML",B V Raju Institute of Technology - CIVIL,CMR College of Engineering & Technology - MECH,Princeton Institute of Engineering and Technology for Women - ECE
S0411,Deepak Chowdary 0411,931,133,30507,OC,Muffakham Jah College of Engineering and Technology - CSE,Vardhaman College of Engineering - ECE,KG Reddy College of Engineering and Technology - ECE,KG Reddy College of Engineering and Technology - EEE,"JNTUH University College of Engineering, Manthani - MECH"
S0412,Divya Bhat 0412,787,55,227942,OC,Guru Nanak Institute of Technology - EEE,Keshav Memorial Institute of Technology - CIVIL,MLR Institute of Technology - CSE-AIML,Jyothishmathi Institute of Technology and Science - CSE,"University College of Engineering, Kakatiya University - CSE"
S0413,Harsha Reddy 0413,904,116,43297,OC,Jyothishmathi Institute of Technology and Science - ECE,Malla Reddy Engineering College - CSE,Jyothishmathi Institute of Technology and Science - MECH,Malla Reddy Engineering College and Management Sciences - EEE,Gokaraju Rangaraju Institute of Engineering and Technology - EEE
S0414,Ishita Naidu 0414,830,111,69502,BC-B,CMR College of Engineering & Technology - ECE,"JNTUH University College of Engineering, Palair - ECE","University College of Engineering, Rajanna Sircilla - EEE",Chaitanya Bharathi Institute of Technology - MECH,Nalgonda Institute of Technology and Science - CIVIL
S0415,Karthik Rao 0415,823,88,188669,SC,Guru Nanak Institutions Technical Campus - CIVIL,KG Reddy College of Engineering and Technology - CSE-AIML,VNR Vignana Jyothi Institute of Engineering and Technology - CIVIL,Gokaraju Rangaraju Institute of Engineering and Technology - CIVIL,Jyothishmathi Institute of Technology and Science - CSE
S0416,Keerthana Shetty 0416,805,75,226175,ST,"University College of Engineering, Rajanna Sircilla - CSE",National Institute of Technology Warangal - ECE,"University College of Engineering, Rajanna Sircilla - ECE",CMR College of Engineering & Technology - CSE,"JNTUH University College of Engineering, Palair - CSE-AIML"
S0417,Krishna Nair 0417,862,80,206032,OC,"University College of Engineering, Rajanna Sircilla - CIVIL",Vasavi College of Engineering - CIVIL,Balaji Institute of Technology and Science - EEE,CMR Technical Campus - EEE,Guru Nanak Institute of Technology - CSE-AIML
S0418,Lakshmi Shetty 0418,964,156,2300,BC-B,Institute of Aeronautical Engineering - CSE-AIML,Malla Reddy Engineering College - CIVIL,"JNTUH University College of Engineering, Palair - CSE-AIML",Institute of Aeronautical Engineering - CSE,Jayamukhi Institute of Technological Sciences - EEE
S0419,Manoj Yadav 0419,792,67,239372,BC-E,Anurag Engineering College - ECE,Anurag Engineering College - CSE-AIML,VNR Vignana Jyothi Institute of Engineering and Technology - ECE,Maturi Venkata Subba Rao Engineering College - CSE-AIML,"JNTUH University College of Engineering, Wanaparthy - CSE"
S0420,Meghana Shetty 0420,894,115,66322,OC,"JNTUH University College of Engineering, Palair - CSE",Marri Laxman Reddy Institute of Technology and Management - CSE,Anurag Engineering College - EEE,Mahatma Gandhi Institute of Technology - MECH,Keshav Memorial Institute of Technology - CSE-AIML
S0421,Nandini Reddy 0421,894,121,55856,SC,Mahathma Gandhi University College of Engineering and Technology - MECH,Maturi Venkata Subba Rao Engineering College - EEE,CVR College of Engineering - CSE-AIML,CMR Institute of Technology - CSE-AIML,"JNTUH University College of Engineering, Hyderabad - CIVIL"
S0422,Nikhil Patel 0422,784,66,225911,ST,B V Raju Institute of Technology - MECH,CVR College of Engineering - ECE,"JNTUH University College of Engineering, Hyderabad - CSE",Sphoorthy Engineering College - EEE,Mahatma Gandhi Institute of Technology - CSE
S0423,Pooja Murthy 0423,878,98,70661,OC,Malla Reddy University - CIVIL,National Institute of Technology Warangal - CSE-AIML,Institute of Aeronautical Engineering - CSE-AIML,CMR College of Engineering & Technology - CSE,Muffakham Jah College of Engineering and Technology - ECE
S0424,Pranav Murthy 0424,930,117,64942,ST,B V Raju Institute of Technology - MECH,Jayamukhi Institute of Technological Sciences - CSE-AIML,KG Reddy College of Engineering and Technology - ECE,MLR Institute of Technology - ECE,Marri Laxman Reddy Institute of Technology and Management - CIVIL
S0425,Priya Goud 0425,841,83,167136,BC-B,SR University - CSE-AIML,Samskruti College of Engineering and Technology - EEE,SR University - ECE,Mahatma Gandhi Institute of Technology - CSE-AIML,"JNTUH University College of Engineering, Hyderabad - CSE"
S0426,Rahul Reddy 0426,828,95,92188,EWS,Kamala Nehru Polytechnic College for Women - CSE-AIML,Jyothishmathi Institute of Technology and Science - CSE-AIML,Samskruti College of Engineering and Technology - CSE-AIML,VNR Vignana Jyothi Institute of Engineering and Technology - ECE,Siddhartha Institute of Technology and Sciences - EEE
S0427,Rakesh Chowdary 0427,848,97,114253,OC,"University College of Engineering, Osmania University - CIVIL",Kamala Nehru Polytechnic College for Women - CSE,Mahathma Gandhi University College of Engineering and Technology - CIVIL,Vaagdevi Engineering College - MECH,Keshav Memorial Institute of Technology - ECE
S0428,Riya Goud 0428,854,101,133347,BC-E,Anurag University - EEE,Marri Laxman Reddy Institute of Technology and Management - CSE,"JNTUH University College of Engineering, Manthani - CSE-AIML",CMR Technical Campus - CSE-AIML,Balaji Institute of Technology and Science - ECE
S0429,Rohit Reddy 0429,835,82,148911,BC-A,Guru Nanak Institutions Technical Campus - MECH,CMR Institute of Technology - ECE,Siddhartha Institute of Technology and Sciences - MECH,MVSR Engineering College - ECE,Marri Laxman Reddy Institute of Technology and Management - CIVIL
S0430,Sai Goud 0430,930,119,49010,OC,Jyothishmathi Institute of Technology and Science - CSE-AIML,Sreenidhi Institute of Science and Technology - MECH,Malla Reddy Engineering College and Management Sciences - CIVIL,Sreenidhi Institute of Science and Technology - EEE,Balaji Institute of Technology and Science - ECE
S0431,Sanjana Chowdary 0431,912,133,20339,BC-E,KG Reddy College of Engineering and Technology - ECE,"University College of Engineering, Kakatiya University - CSE",Vaagdevi Engineering College - CSE,Jayamukhi Institute of Technological Sciences - EEE,Siddhartha Institute of Technology and Sciences - EEE
S0432,Sanjay Murthy 0432,950,123,32632,BC-D,KG Reddy College of Engineering and Technology - ECE,Sphoorthy Engineering College - MECH,Jyothishmathi Institute of Technology and Science - CSE-AIML,KG Reddy College of Engineering and Technology - CIVIL,"JNTUH University College of Engineering, Jagtial - MECH"
S0433,Sathvik Goud 0433,892,123,33972,SC,Chaitanya Bharathi Institute of Technology - CSE,Vaagdevi Engineering College - EEE,Kakatiya Institute of Technology and Science - CSE-AIML,"JNTUH University College of Engineering, Mahabubabad - CIVIL",Sreenidhi Institute of Science and Technology - CIVIL
S0434,Shreya Patel 0434,923,135,19728,EWS,KG Reddy College of Engineering and Technology - ECE,Kamala Nehru Polytechnic College for Women - CSE,MVSR Engineering College - MECH,Malla Reddy Engineering College and Management Sciences - CIVIL,Siddhartha Institute of Technology and Sciences - EEE
S0435,Siddharth Sharma 0435,916,123,58712,EWS,"JNTUH University College of Engineering, Hyderabad - CSE",Kakatiya Institute of Technology and Science - EEE,Samskruti College of Engineering and Technology - EEE,Maturi Venkata Subba Rao Engineering College - MECH,Princeton Institute of Engineering and Technology for Women - MECH
S0436,Sneha Sharma 0436,847,118,58665,OC,MLR Institute of Technology - CIVIL,VNR Vignana Jyothi Institute of Engineering and Technology - CSE,Malla Reddy Engineering College and Management Sciences - CSE-AIML,CVR College of Engineering - ECE,Nalla Malla Reddy Engineering College - CSE-AIML
S0437,Srinivas Kumar 0437,927,155,5250,SC,"JNTUH University College of Engineering, Sultanpur - EEE",Marri Laxman Reddy Institute of Technology and Management - CIVIL,"JNTUH University College of Engineering, Manthani - CSE",National Institute of Technology Warangal - CSE-AIML,National Institute of Technology Warangal - MECH
S0438,Srujana Singh 0438,966,148,4338,BC-E,Kamala Nehru Polytechnic College for Women - CIVIL,Marri Laxman Reddy Institute of Technology and Management - CSE-AIML,B V Raju Institute of Technology - CSE,National Institute of Technology Warangal - CSE,National Institute of Technology Warangal - CIVIL
S0439,Teja Bhat 0439,950,132,28954,OC,Kakatiya Institute of Technology and Science - CIVIL,CMR College of Engineering & Technology - EEE,Vasavi College of Engineering - CSE,National Institute of Technology Warangal - EEE,"JNTUH University College of Engineering, Palair - CSE"
S0440,Varun Rao 0440,788,57,237287,OC,Kamala Nehru Polytechnic College for Women - ECE,Marri Laxman Reddy Institute of Technology and Management - MECH,Chaitanya Bharathi Institute of Technology - CSE-AIML,Nalgonda Institute of Technology and Science - CIVIL,Siddhartha Institute of Technology and Sciences - CIVIL
S0441,Vamshi Shetty 0441,904,122,54881,EWS,"JNTUH University College of Engineering, Sultanpur - CIVIL",KG Reddy College of Engineering and Technology - CSE,Vardhaman College of Engineering - MECH,Malla Reddy Engineering College and Management Sciences - CSE,CMR Technical Campus - MECH
S0442,Vishal Iyer 0442,814,98,137731,OC,"JNTUH University College of Engineering, Palair - ECE",National Institute of Technology Warangal - CIVIL,Malla Reddy University - CIVIL,Anurag University - CSE-AIML,MVSR Engineering College - CSE-AIML
S0443,Yash Kumar 0443,874,103,100948,EWS,Vaagdevi Engineering College - CSE,B V Raju Institute of Technology - CSE,VNR Vignana Jyothi Institute of Engineering and Technology - CSE,"University College of Engineering, Rajanna Sircilla - ECE",Kamala Nehru Polytechnic College for Women - ECE
S0444,Anusha Yadav 0444,955,140,25521,BC-B,Jyothishmathi Institute of Technology and Science - CSE-AIML,Princeton Institute of Engineering and Technology for Women - CSE-AIML,Malla Reddy University - ECE,Malla Reddy University - CIVIL,Sphoorthy Engineering College - CSE
S0445,Bhargav Yadav 0445,866,118,79331,BC-A,Gokaraju Rangaraju Institute of Engineering and Technology - EEE,Kakatiya Institute of Technology and Science - CSE,Mahathma Gandhi University College of Engineering and Technology - CSE,Mahathma Gandhi University College of Engineering and Technology - ECE,Malla Reddy Engineering College and Management Sciences - MECH
S0446,Hemanth Naidu 0446,883,123,48280,EWS,"JNTUH University College of Engineering, Sultanpur - EEE",MVSR Engineering College - ECE,Vardhaman College of Engineering - CSE,"University College of Engineering, Rajanna Sircilla - EEE",KG Reddy College of Engineering and Technology - CIVIL
S0447,Mounika Patel 0447,882,99,123630,BC-B,Siddhartha Institute of Technology and Sciences - MECH,"JNTUH University College of Engineering, Palair - CIVIL",Princeton Institute of Engineering and Technology for Women - CSE-AIML,Samskruti College of Engineering and Technology - MECH,CMR Technical Campus - CSE-AIML
S0448,Navya Sharma 0448,886,120,86811,SC,Nalla Malla Reddy Engineering College - CSE-AIML,Princeton Institute of Engineering and Technology for Women - CIVIL,CVR College of Engineering - EEE,Mahatma Gandhi Institute of Technology - EEE,Chaitanya Bharathi Institute of Technology - ECE
S0449,Pavan Goud 0449,860,82,154737,BC-D,Mahathma Gandhi University College of Engineering and Technology - MECH,Guru Nanak Institutions Technical Campus - ECE,CMR Institute of Technology - EEE,Samskruti College of Engineering and Technology - ECE,Vaagdevi Engineering College - CIVIL
S0450,Swathi Yadav 0450,854,83,182177,BC-E,KG Reddy College of Engineering and Technology - EEE,"JNTUH University College of Engineering, Jagtial - MECH",Mahatma Gandhi Institute of Technology - EEE,"JNTUH University College of Engineering, Wanaparthy - CSE",Muffakham Jah College of Engineering and Technology - MECH
S0451,Aarav Varma 0451,817,90,196073,ST,Marri Laxman Reddy Institute of Technology and Management - CSE,Sphoorthy Engineering College - CSE,"JNTUH University College of Engineering, Jagtial - ECE",Vardhaman College of Engineering - CSE-AIML,B V Raju Institute of Technology - CIVIL
S0452,Aditya Bhat 0452,927,121,39335,SC,MLR Institute of Technology - ECE,Kakatiya Institute of Technology and Science - ECE,Malla Reddy Engineering College - ECE,Malla Reddy Engineering College and Management Sciences - CSE,Sreenidhi Institute of Science and Technology - CSE
S0453,Akash Goud 0453,883,102,149905,OC,SR University - CSE,Guru Nanak Institutions Technical Campus - EEE,Anurag University - ECE,Balaji Institute of Technology and Science - CSE-AIML,Maturi Venkata Subba Rao Engineering College - MECH
S0454,Akshay Bhat 0454,792,66,248414,ST,CVR College of Engineering - EEE,Malla Reddy Engineering College and Management Sciences - CSE-AIML,Mahatma Gandhi Institute of Technology - ECE,KG Reddy College of Engineering and Technology - ECE,"JNTUH University College of Engineering, Mahabubabad - MECH"
S0455,Ananya Bhat 0455,971,144,5476,BC-D,Mahathma Gandhi University College of Engineering and Technology - CIVIL,CMR Technical Campus - MECH,MVSR Engineering College - ECE,VNR Vignana Jyothi Institute of Engineering and Technology - CSE,Jayamukhi Institute of Technological Sciences - EEE
S0456,Anjali Kumar 0456,862,113,81229,BC-E,Nalla Malla Reddy Engineering College - CSE,Maturi Venkata Subba Rao Engineering College - EEE,Samskruti College of Engineering and Technology - ECE,Kamala Nehru Polytechnic College for Women - EEE,"University College of Engineering, Osmania University - ECE"
S0457,Arjun Prasad 0457,886,101,123908,SC,"JNTUH University College of Engineering, Hyderabad - EEE",Gokaraju Rangaraju Institute of Engineering and Technology - CSE,Jyothishmathi Institute of Technology and Science - CSE-AIML,Maturi Venkata Subba Rao Engineering College - MECH,Anurag Engineering College - CIVIL
S0458,Bhavya Chowdary 0458,817,64,243375,SC,SR University - EEE,"University College of Engineering, Rajanna Sircilla - ECE",CMR Institute of Technology - EEE,Mahathma Gandhi University College of Engineering and Technology - EEE,CMR Technical Campus - CSE
S0459,Charan Chowdary 0459,786,78,199069,BC-A,Vardhaman College of Engineering - MECH,"University College of Engineering, Kakatiya University - MECH","JNTUH University College of Engineering, Wanaparthy - ECE","JNTUH University College of Engineering, Palair - CSE",Jyothishmathi Institute of Technology and Science - ECE
S0460,Chaitanya Chowdary 0460,837,83,161798,OC,Sreenidhi Institute of Science and Technology - CSE-AIML,B V Raju Institute of Technology - EEE,Guru Nanak Institute of Technology - CSE,SR University - MECH,National Institute of Technology Warangal - CSE
S0461,Deepak Goud 0461,941,147,3630,BC-D,KITS Warangal - MECH,Anurag University - CSE,Vasavi College of Engineering - ECE,Mahathma Gandhi University College of Engineering and Technology - CIVIL,Kakatiya Institute of Technology and Science - CIVIL
S0462,Divya Naidu 0462,833,75,216061,SC,"JNTUH University College of Engineering, Jagtial - CIVIL",Princeton Institute of Engineering and Technology for Women - CSE,"JNTUH University College of Engineering, Jagtial - EEE",Vardhaman College of Engineering - EEE,Anurag Engineering College - EEE
S0463,Harsha Yadav 0463,879,122,64582,OC,"JNTUH University College of Engineering, Wanaparthy - ECE",Maturi Venkata Subba Rao Engineering College - MECH,Vardhaman College of Engineering - EEE,Anurag Engineering College - ECE,"JNTUH University College of Engineering, Hyderabad - CIVIL"
S0464,Ishita Iyer 0464,851,93,114531,OC,Chaitanya Bharathi Institute of Technology - CSE,Institute of Aeronautical Engineering - CSE,Marri Laxman Reddy Institute of Technology and Management - CIVIL,Institute of Aeronautical Engineering - CSE-AIML,KG Reddy College of Engineering and Technology - CIVIL
S0465,Karthik Nair 0465,880,103,95411,OC,Malla Reddy Engineering College and Management Sciences - ECE,"JNTUH University College of Engineering, Jagtial - ECE",Marri Laxman Reddy Institute of Technology and Management - CSE-AIML,Kakatiya Institute of Technology and Science - CSE,CVR College of Engineering - CSE
S0466,Keerthana Sharma 0466,804,89,204976,BC-B,Mahathma Gandhi University College of Engineering and Technology - CSE-AIML,Mahatma Gandhi Institute of Technology - CSE-AIML,MVSR Engineering College - EEE,Siddhartha Institute of Technology and Sciences - CIVIL,KITS Warangal - CSE
S0467,Krishna Iyer 0467,871,148,9942,ST,Malla Reddy University - ECE,Anurag University - CSE,Maturi Venkata Subba Rao Engineering College - CIVIL,"University College of Engineering, Rajanna Sircilla - MECH",MVSR Engineering College - EEE
S0468,Lakshmi Varma 0468,882,112,47517,OC,Sphoorthy Engineering College - ECE,Siddhartha Institute of Technology and Sciences - ECE,Maturi Venkata Subba Rao Engineering College - EEE,CVR College of Engineering - ECE,"JNTUH University College of Engineering, Jagtial - MECH"
S0469,Manoj Reddy 0469,832,100,129505,SC,CMR Institute of Technology - EEE,VNR Vignana Jyothi Institute of Engineering and Technology - MECH,Nalla Malla Reddy Engineering College - CSE,"University College of Engineering, Osmania University - MECH","University College of Engineering, Osmania University - EEE"
S0470,Meghana Verma 0470,990,143,3422,BC-C,SR University - EEE,Keshav Memorial Institute of Technology - CIVIL,Muffakham Jah College of Engineering and Technology - CIVIL,Kamala Nehru Polytechnic College for Women - CSE,Vardhaman College of Engineering - EEE
S0471,Nandini Deshmukh 0471,854,112,48090,BC-A,"University College of Engineering, Rajanna Sircilla - CIVIL",B V Raju Institute of Technology - EEE,Jayamukhi Institute of Technological Sciences - MECH,Chaitanya Bharathi Institute of Technology - ECE,Mahathma Gandhi University College of Engineering and Technology - CSE-AIML
S0472,Nikhil Prasad 0472,923,113,70411,SC,Mahatma Gandhi Institute of Technology - EEE,Sphoorthy Engineering College - CSE-AIML,Muffakham Jah College of Engineering and Technology - MECH,Guru Nanak Institutions Technical Campus - MECH,Mahathma Gandhi University College of Engineering and Technology - CIVIL
S0473,Pooja Iyer 0473,888,126,62444,ST,National Institute of Technology Warangal - CSE-AIML,MLR Institute of Technology - EEE,Samskruti College of Engineering and Technology - ECE,Malla Reddy Engineering College - MECH,Malla Reddy Engineering College and Management Sciences - CIVIL
S0474,Pranav Bhat 0474,875,112,93167,ST,Princeton Institute of Engineering and Technology for Women - CSE-AIML,Marri Laxman Reddy Institute of Technology and Management - ECE,Samskruti College of Engineering and Technology - CSE,Siddhartha Institute of Technology and Sciences - CSE,Nalgonda Institute of Technology and Science - CSE-AIML
S0475,Priya Varma 0475,818,89,187768,BC-D,Guru Nanak Institute of Technology - CIVIL,Chaitanya Bharathi Institute of Technology - MECH,Jayamukhi Institute of Technological Sciences - EEE,Nalgonda Institute of Technology and Science - CSE,"JNTUH University College of Engineering, Palair - EEE"
S0476,Rahul Kumar 0476,863,113,87758,EWS,Kakatiya Institute of Technology and Science - CSE,"JNTUH University College of Engineering, Manthani - ECE","JNTUH University College of Engineering, Manthani - CSE",Nalgonda Institute of Technology and Science - CSE,Kakatiya Institute of Technology and Science - CSE-AIML
S0477,Rakesh Murthy 0477,829,90,135605,ST,Vardhaman College of Engineering - ECE,Samskruti College of Engineering and Technology - MECH,"JNTUH University College of Engineering, Mahabubabad - CSE",CMR Technical Campus - ECE,"JNTUH University College of Engineering, Jagtial - EEE"
S0478,Riya Naidu 0478,915,109,93076,BC-D,"JNTUH University College of Engineering, Manthani - EEE",KG Reddy College of Engineering and Technology - CSE,Kakatiya Institute of Technology and Science - CSE,National Institute of Technology Warangal - CSE,"University College of Engineering, Rajanna Sircilla - CSE-AIML"
S0479,Rohit Shetty 0479,824,103,141426,ST,Vardhaman College of Engineering - CSE,CMR College of Engineering & Technology - CIVIL,Guru Nanak Institutions Technical Campus - CIVIL,Guru Nanak Institutions Technical Campus - CSE-AIML,Chaitanya Bharathi Institute of Technology - EEE
S0480,Sai Iyer 0480,922,145,30089,OC,"JNTUH University College of Engineering, Manthani - EEE",Anurag University - ECE,Kamala Nehru Polytechnic College for Women - EEE,"JNTUH University College of Engineering, Palair - ECE",National Institute of Technology Warangal - CSE-AIML
S0481,Sanjana Reddy 0481,902,113,44694,BC-D,Samskruti College of Engineering and Technology - ECE,Maturi Venkata Subba Rao Engineering College - EEE,Jayamukhi Institute of Technological Sciences - CSE,VNR Vignana Jyothi Institute of Engineering and Technology - ECE,"University College of Engineering, Kakatiya University - CIVIL"
S0482,Sanjay Prasad 0482,859,103,106012,ST,SR University - EEE,Malla Reddy Engineering College - ECE,Nalla Malla Reddy Engineering College - CIVIL,Kakatiya Institute of Technology and Science - EEE,Siddhartha Institute of Technology and Sciences - EEE
S0483,Sathvik Goud 0483,894,103,84723,OC,MVSR Engineering College - CSE,Gokaraju Rangaraju Institute of Engineering and Technology - ECE,Anurag University - CSE,Guru Nanak Institute of Technology - EEE,"JNTUH University College of Engineering, Manthani - CIVIL"
S0484,Shreya Iyer 0484,898,123,62187,BC-B,Marri Laxman Reddy Institute of Technology and Management - ECE,"University College of Engineering, Kakatiya University - CSE","JNTUH University College of Engineering, Jagtial - EEE","JNTUH University College of Engineering, Wanaparthy - MECH","University College of Engineering, Rajanna Sircilla - ECE"
S0485,Siddharth Bhat 0485,766,76,222590,OC,Institute of Aeronautical Engineering - CIVIL,Guru Nanak Institutions Technical Campus - ECE,"University College of Engineering, Osmania University - CSE-AIML","JNTUH University College of Engineering, Jagtial - MECH",Gokaraju Rangaraju Institute of Engineering and Technology - CIVIL
S0486,Sneha Prasad 0486,761,67,241971,OC,Maturi Venkata Subba Rao Engineering College - CIVIL,Vasavi College of Engineering - CSE,KG Reddy College of Engineering and Technology - CSE-AIML,Sphoorthy Engineering College - EEE,"JNTUH University College of Engineering, Palair - EEE"
S0487,Srinivas Patel 0487,807,73,192623,OC,Mahathma Gandhi University College of Engineering and Technology - CSE-AIML,Samskruti College of Engineering and Technology - EEE,Chaitanya Bharathi Institute of Technology - CSE,Vaagdevi Engineering College - MECH,Institute of Aeronautical Engineering - MECH
S0488,Srujana Deshmukh 0488,960,141,18017,BC-D,Princeton Institute of Engineering and Technology for Women - CIVIL,"JNTUH University College of Engineering, Wanaparthy - CSE-AIML",Malla Reddy Engineering College and Management Sciences - EEE,Muffakham Jah College of Engineering and Technology - CIVIL,MLR Institute of Technology - MECH
S0489,Teja Singh 0489,899,97,117970,BC-B,"University College of Engineering, Rajanna Sircilla - MECH",KITS Warangal - MECH,Kakatiya Institute of Technology and Science - CSE,"JNTUH University College of Engineering, Sultanpur - CSE",Princeton Institute of Engineering and Technology for Women - CIVIL
S0490,Varun Shetty 0490,796,69,236628,BC-D,CVR College of Engineering - ECE,"JNTUH University College of Engineering, Manthani - ECE",Sreenidhi Institute of Science and Technology - ECE,Malla Reddy University - ECE,Anurag Engineering College - CSE-AIML
S0491,Vamshi Shetty 0491,868,105,90244,BC-A,CMR College of Engineering & Technology - CSE,CMR College of Engineering & Technology - EEE,"University College of Engineering, Osmania University - ECE","University College of Engineering, Kakatiya University - CSE",Keshav Memorial Institute of Technology - MECH
S0492,Vishal Goud 0492,912,148,8688,BC-C,Balaji Institute of Technology and Science - EEE,Guru Nanak Institutions Technical Campus - CSE,Guru Nanak Institute of Technology - ECE,Vardhaman College of Engineering - EEE,Malla Reddy Engineering College and Management Sciences - EEE
S0493,Yash Murthy 0493,929,136,21488,OC,"JNTUH University College of Engineering, Mahabubabad - ECE","University College of Engineering, Osmania University - MECH",Mahathma Gandhi University College of Engineering and Technology - ECE,Jayamukhi Institute of Technological Sciences - CSE,Sphoorthy Engineering College - CIVIL
S0494,Anusha Naidu 0494,854,100,129405,BC-B,Siddhartha Institute of Technology and Sciences - EEE,Malla Reddy Engineering College - CSE,Siddhartha Institute of Technology and Sciences - CSE-AIML,CMR Technical Campus - CSE-AIML,Nalgonda Institute of Technology and Science - CSE
S0495,Bhargav Naidu 0495,837,79,116706,SC,Marri Laxman Reddy Institute of Technology and Management - ECE,"JNTUH University College of Engineering, Mahabubabad - EEE",Malla Reddy Engineering College and Management Sciences - EEE,Marri Laxman Reddy Institute of Technology and Management - CSE,Nalla Malla Reddy Engineering College - MECH
S0496,Hemanth Yadav 0496,912,131,26434,BC-A,Vasavi College of Engineering - CSE-AIML,CMR College of Engineering & Technology - EEE,Malla Reddy Engineering College - CSE-AIML,Marri Laxman Reddy Institute of Technology and Management - EEE,Jyothishmathi Institute of Technology and Science - MECH
S0497,Mounika Shetty 0497,841,80,171038,ST,"University College of Engineering, Rajanna Sircilla - MECH",Nalgonda Institute of Technology and Science - ECE,"JNTUH University College of Engineering, Palair - ECE","University College of Engineering, Kakatiya University - ECE",MVSR Engineering College - CIVIL
S0498,Navya Prasad 0498,950,131,33362,SC,"JNTUH University College of Engineering, Manthani - ECE",Vasavi College of Engineering - CIVIL,CMR Institute of Technology - ECE,Guru Nanak Institutions Technical Campus - MECH,Jyothishmathi Institute of Technology and Science - ECE
S0499,Pavan Kumar 0499,923,117,76829,SC,Mahathma Gandhi University College of Engineering and Technology - CIVIL,"JNTUH University College of Engineering, Sultanpur - ECE",National Institute of Technology Warangal - CSE,Balaji Institute of Technology and Science - CSE-AIML,CMR College of Engineering & Technology - EEE
S0500,Swathi Prasad 0500,901,89,153025,BC-D,Jayamukhi Institute of Technological Sciences - ECE,MLR Institute of Technology - ECE,KITS Warangal - CSE,Vasavi College of Engineering - CSE-AIML,Sphoorthy Engineering College - MECH
S0501,Aarav Kumar 0501,815,85,165707,SC,CMR College of Engineering & Technology - CSE-AIML,Sreenidhi Institute of Science and Technology - ECE,Vaagdevi Engineering College - CSE,CMR Institute of Technology - MECH,"JNTUH University College of Engineering, Sultanpur - CSE-AIML"
S0502,Aditya Khan 0502,825,111,66919,BC-B,CMR College of Engineering & Technology - MECH,Sphoorthy Engineering College - MECH,Chaitanya Bharathi Institute of Technology - ECE,"JNTUH University College of Engineering, Wanaparthy - MECH",Nalla Malla Reddy Engineering College - CSE-AIML
S0503,Akash Yadav 0503,853,102,121694,BC-A,Balaji Institute of Technology and Science - EEE,Maturi Venkata Subba Rao Engineering College - MECH,"JNTUH University College of Engineering, Jagtial - MECH",KG Reddy College of Engineering and Technology - CSE,Malla Reddy Engineering College - CSE
S0504,Akshay Bhat 0504,875,140,37693,EWS,Malla Reddy University - ECE,Samskruti College of Engineering and Technology - CSE-AIML,"JNTUH University College of Engineering, Wanaparthy - CSE-AIML",Institute of Aeronautical Engineering - EEE,KITS Warangal - CSE-AIML
S0505,Ananya Yadav 0505,974,157,1679,SC,Samskruti College of Engineering and Technology - ECE,Gokaraju Rangaraju Institute of Engineering and Technology - MECH,National Institute of Technology Warangal - CIVIL,Malla Reddy Engineering College and Management Sciences - ECE,Muffakham Jah College of Engineering and Technology - CSE-AIML
S0506,Anjali Murthy 0506,852,105,100059,OC,CVR College of Engineering - ECE,National Institute of Technology Warangal - CIVIL,"University College of Engineering, Kakatiya University - MECH",MLR Institute of Technology - ECE,Marri Laxman Reddy Institute of Technology and Management - EEE
S0507,Arjun Kumar 0507,820,92,147734,SC,Samskruti College of Engineering and Technology - CSE-AIML,Sphoorthy Engineering College - ECE,Mahathma Gandhi University College of Engineering and Technology - CSE-AIML,Sphoorthy Engineering College - EEE,Princeton Institute of Engineering and Technology for Women - CSE-AIML
S0508,Bhavya Bhat 0508,904,124,35598,SC,B V Raju Institute of Technology - CSE-AIML,SR University - CIVIL,CMR College of Engineering & Technology - CIVIL,"University College of Engineering, Osmania University - CSE-AIML","JNTUH University College of Engineering, Hyderabad - CSE"
S0509,Charan Iyer 0509,900,105,76450,SC,Anurag University - ECE,"JNTUH University College of Engineering, Hyderabad - EEE",Vardhaman College of Engineering - CSE-AIML,Mahathma Gandhi University College of Engineering and Technology - CSE-AIML,National Institute of Technology Warangal - EEE
S0510,Chaitanya Naidu 0510,945,137,11559,OC,Gokaraju Rangaraju Institute of Engineering and Technology - MECH,Kamala Nehru Polytechnic College for Women - CSE-AIML,"University College of Engineering, Osmania University - ECE",MVSR Engineering College - CSE-AIML,Institute of Aeronautical Engineering - MECH
S0511,Deepak Iyer 0511,859,103,103845,ST,National Institute of Technology Warangal - MECH,Nalla Malla Reddy Engineering College - EEE,"University College of Engineering, Osmania University - ECE",Guru Nanak Institutions Technical Campus - CSE,Vaagdevi Engineering College - CSE
S0512,Divya Murthy 0512,917,149,10371,BC-C,"JNTUH University College of Engineering, Jagtial - EEE",SR University - EEE,SR University - CSE-AIML,"JNTUH University College of Engineering, Palair - CSE-AIML",Anurag Engineering College - CSE
S0513,Harsha Bhat 0513,872,127,41053,BC-B,Sphoorthy Engineering College - ECE,Mahatma Gandhi Institute of Technology - CIVIL,Gokaraju Rangaraju Institute of Engineering and Technology - CSE,Guru Nanak Institutions Technical Campus - EEE,"JNTUH University College of Engineering, Jagtial - ECE"
S0514,Ishita Reddy 0514,837,81,173068,SC,Siddhartha Institute of Technology and Sciences - EEE,Malla Reddy University - CIVIL,Sphoorthy Engineering College - CSE-AIML,Sphoorthy Engineering College - ECE,Chaitanya Bharathi Institute of Technology - EEE
S0515,Karthik Patel 0515,797,74,228551,OC,CVR College of Engineering - CSE,CMR Institute of Technology - MECH,Samskruti College of Engineering and Technology - MECH,Anurag Engineering College - CIVIL,Mahathma Gandhi University College of Engineering and Technology - CSE
S0516,Keerthana Naidu 0516,857,112,66523,BC-B,Malla Reddy Engineering College - CSE,CMR Technical Campus - CSE,MVSR Engineering College - EEE,Kamala Nehru Polytechnic College for Women - EEE,CMR Technical Campus - CIVIL
S0517,Krishna Rao 0517,913,127,42853,BC-B,MLR Institute of Technology - CSE,Vasavi College of Engineering - CSE,"University College of Engineering, Rajanna Sircilla - EEE",Nalgonda Institute of Technology and Science - CSE-AIML,Siddhartha Institute of Technology and Sciences - CIVIL
S0518,Lakshmi Deshmukh 0518,875,108,74998,OC,"JNTUH University College of Engineering, Sultanpur - EEE","University College of Engineering, Osmania University - CSE-AIML",Malla Reddy Engineering College - ECE,Institute of Aeronautical Engineering - CIVIL,Vasavi College of Engineering - EEE
S0519,Manoj Khan 0519,960,159,766,SC,Maturi Venkata Subba Rao Engineering College - ECE,Vasavi College of Engineering - ECE,CMR College of Engineering & Technology - MECH,Anurag Engineering College - MECH,Keshav Memorial Institute of Technology - CIVIL
S0520,Meghana Patel 0520,959,128,22778,BC-A,Siddhartha Institute of Technology and Sciences - CSE-AIML,Malla Reddy University - ECE,Chaitanya Bharathi Institute of Technology - CSE,Samskruti College of Engineering and Technology - ECE,Kamala Nehru Polytechnic College for Women - CIVIL
S0521,Nandini Iyer 0521,882,113,43161,OC,Institute of Aeronautical Engineering - CIVIL,Keshav Memorial Institute of Technology - ECE,National Institute of Technology Warangal - CSE,Princeton Institute of Engineering and Technology for Women - EEE,Guru Nanak Institutions Technical Campus - CSE-AIML
S0522,Nikhil Khan 0522,953,144,15252,OC,Malla Reddy Engineering College and Management Sciences - CSE,"JNTUH University College of Engineering, Palair - CSE",Samskruti College of Engineering and Technology - ECE,Mahathma Gandhi University College of Engineering and Technology - EEE,Kakatiya Institute of Technology and Science - MECH
S0523,Pooja Kumar 0523,828,91,180605,ST,Vardhaman College of Engineering - ECE,CMR Institute of Technology - CSE-AIML,CVR College of Engineering - EEE,CVR College of Engineering - CSE-AIML,Malla Reddy Engineering College and Management Sciences - ECE
S0524,Pranav Deshmukh 0524,974,152,1357,OC,Sreenidhi Institute of Science and Technology - MECH,Malla Reddy Engineering College and Management Sciences - CSE-AIML,Kamala Nehru Polytechnic College for Women - CSE-AIML,Princeton Institute of Engineering and Technology for Women - EEE,Vardhaman College of Engineering - ECE
S0525,Priya Yadav 0525,873,90,84408,BC-B,"JNTUH University College of Engineering, Mahabubabad - MECH",Muffakham Jah College of Engineering and Technology - CSE,MLR Institute of Technology - CSE-AIML,Keshav Memorial Institute of Technology - ECE,Vasavi College of Engineering - CIVIL
S0526,Rahul Iyer 0526,877,105,117608,OC,Chaitanya Bharathi Institute of Technology - CSE,Vardhaman College of Engineering - CIVIL,Jyothishmathi Institute of Technology and Science - CSE,Jayamukhi Institute of Technological Sciences - EEE,"JNTUH University College of Engineering, Hyderabad - CSE"
S0527,Rakesh Singh 0527,974,144,11327,OC,"JNTUH University College of Engineering, Wanaparthy - EEE",Malla Reddy University - CSE,Kamala Nehru Polytechnic College for Women - CIVIL,Samskruti College of Engineering and Technology - EEE,Maturi Venkata Subba Rao Engineering College - ECE
S0528,Riya Rao 0528,839,125,80719,SC,National Institute of Technology Warangal - MECH,Nalgonda Institute of Technology and Science - MECH,Siddhartha Institute of Technology and Sciences - CSE-AIML,Mahathma Gandhi University College of Engineering and Technology - EEE,"JNTUH University College of Engineering, Palair - MECH"
S0529,Rohit Naidu 0529,924,131,49587,BC-D,Siddhartha Institute of Technology and Sciences - CSE,"JNTUH University College of Engineering, Wanaparthy - CSE-AIML",KITS Warangal - MECH,Sphoorthy Engineering College - ECE,"JNTUH University College of Engineering, Wanaparthy - EEE"
S0530,Sai Goud 0530,836,88,137634,BC-D,KITS Warangal - CSE-AIML,Muffakham Jah College of Engineering and Technology - MECH,Gokaraju Rangaraju Institute of Engineering and Technology - CSE-AIML,Anurag University - EEE,KITS Warangal - EEE
S0531,Sanjana Nair 0531,841,85,161814,ST,Balaji Institute of Technology and Science - CSE,Institute of Aeronautical Engineering - ECE,Mahatma Gandhi Institute of Technology - CIVIL,"JNTUH University College of Engineering, Wanaparthy - EEE","JNTUH University College of Engineering, Wanaparthy - ECE"
S0532,Sanjay Khan 0532,854,98,128391,BC-E,KITS Warangal - EEE,Vardhaman College of Engineering - CIVIL,Kamala Nehru Polytechnic College for Women - MECH,Vasavi College of Engineering - MECH,Malla Reddy Engineering College - CIVIL
S0533,Sathvik Goud 0533,937,145,4882,OC,Muffakham Jah College of Engineering and Technology - CSE-AIML,Nalgonda Institute of Technology and Science - ECE,Vardhaman College of Engineering - CSE-AIML,National Institute of Technology Warangal - EEE,VNR Vignana Jyothi Institute of Engineering and Technology - CSE-AIML
S0534,Shreya Yadav 0534,901,144,26107,BC-B,Anurag University - EEE,Jyothishmathi Institute of Technology and Science - MECH,CMR College of Engineering & Technology - EEE,Nalgonda Institute of Technology and Science - CIVIL,Nalgonda Institute of Technology and Science - CSE
S0535,Siddharth Goud 0535,874,112,86630,BC-D,Malla Reddy Engineering College and Management Sciences - MECH,VNR Vignana Jyothi Institute of Engineering and Technology - EEE,"University College of Engineering, Osmania University - MECH",Sreenidhi Institute of Science and Technology - CSE-AIML,"JNTUH University College of Engineering, Hyderabad - CSE"
S0536,Sneha Kumar 0536,796,67,216906,BC-A,Sphoorthy Engineering College - MECH,Malla Reddy University - CSE-AIML,Mahatma Gandhi Institute of Technology - CSE-AIML,SR University - ECE,Guru Nanak Institutions Technical Campus - EEE
S0537,Srinivas Sharma 0537,833,85,205557,ST,"JNTUH University College of Engineering, Palair - CIVIL",Jayamukhi Institute of Technological Sciences - EEE,"JNTUH University College of Engineering, Jagtial - EEE",Malla Reddy Engineering College - EEE,CMR Technical Campus - EEE
S0538,Srujana Sharma 0538,775,64,213601,ST,Keshav Memorial Institute of Technology - CSE-AIML,Sreenidhi Institute of Science and Technology - CSE-AIML,CVR College of Engineering - EEE,CVR College of Engineering - CSE-AIML,"University College of Engineering, Rajanna Sircilla - CSE"
S0539,Teja Varma 0539,851,104,110468,BC-B,"JNTUH University College of Engineering, Palair - ECE","JNTUH University College of Engineering, Jagtial - CSE","JNTUH University College of Engineering, Palair - CSE",Mahatma Gandhi Institute of Technology - ECE,CVR College of Engineering - CSE-AIML
S0540,Varun Iyer 0540,960,129,17627,EWS,"JNTUH University College of Engineering, Hyderabad - ECE",Guru Nanak Institute of Technology - MECH,Muffakham Jah College of Engineering and Technology - CSE-AIML,"JNTUH University College of Engineering, Wanaparthy - EEE",B V Raju Institute of Technology - CIVIL
S0541,Vamshi Varma 0541,918,143,20374,BC-D,KITS Warangal - CIVIL,"University College of Engineering, Osmania University - EEE",KITS Warangal - EEE,Nalgonda Institute of Technology and Science - MECH,SR University - CIVIL
S0542,Vishal Murthy 0542,872,117,47659,BC-B,Keshav Memorial Institute of Technology - CSE-AIML,"University College of Engineering, Kakatiya University - MECH","JNTUH University College of Engineering, Hyderabad - CIVIL",Sphoorthy Engineering College - CSE-AIML,Malla Reddy Engineering College and Management Sciences - CIVIL
S0543,Yash Rao 0543,872,107,77647,OC,Guru Nanak Institute of Technology - MECH,Anurag University - EEE,"JNTUH University College of Engineering, Hyderabad - EEE",Anurag University - MECH,Marri Laxman Reddy Institute of Technology and Management - CSE-AIML
S0544,Anusha Deshmukh 0544,782,72,229082,BC-B,CVR College of Engineering - CSE-AIML,Princeton Institute of Engineering and Technology for Women - ECE,Vaagdevi Engineering College - CIVIL,Institute of Aeronautical Engineering - CSE-AIML,Guru Nanak Institute of Technology - CSE-AIML
S0545,Bhargav Murthy 0545,892,112,79385,SC,Vasavi College of Engineering - EEE,Malla Reddy University - CIVIL,Jayamukhi Institute of Technological Sciences - CIVIL,"JNTUH University College of Engineering, Palair - CIVIL",VNR Vignana Jyothi Institute of Engineering and Technology - MECH
S0546,Hemanth Nair 0546,890,121,57446,BC-D,Maturi Venkata Subba Rao Engineering College - MECH,Guru Nanak Institutions Technical Campus - CIVIL,"JNTUH University College of Engineering, Manthani - CSE-AIML","JNTUH University College of Engineering, Wanaparthy - CSE-AIML",Guru Nanak Institute of Technology - CSE
S0547,Mounika Yadav 0547,879,118,60663,BC-C,Jayamukhi Institute of Technological Sciences - EEE,MLR Institute of Technology - MECH,SR University - CSE-AIML,Princeton Institute of Engineering and Technology for Women - MECH,SR University - EEE
S0548,Navya Murthy 0548,883,99,92130,OC,KITS Warangal - MECH,Vardhaman College of Engineering - CIVIL,Guru Nanak Institutions Technical Campus - EEE,Balaji Institute of Technology and Science - CSE-AIML,Malla Reddy University - CIVIL
S0549,Pavan Sharma 0549,839,89,140887,SC,Maturi Venkata Subba Rao Engineering College - CSE,Guru Nanak Institute of Technology - ECE,Anurag University - CSE-AIML,Anurag University - CSE,Kakatiya Institute of Technology and Science - CSE
S0550,Swathi Prasad 0550,944,154,1626,OC,Sreenidhi Institute of Science and Technology - CIVIL,"University College of Engineering, Osmania University - CIVIL",Samskruti College of Engineering and Technology - EEE,Vardhaman College of Engineering - EEE,CMR Technical Campus - MECH
S0551,Aarav Goud 0551,821,86,168669,OC,Maturi Venkata Subba Rao Engineering College - ECE,B V Raju Institute of Technology - ECE,Chaitanya Bharathi Institute of Technology - MECH,Anurag Engineering College - CSE-AIML,Vaagdevi Engineering College - CSE
S0552,Aditya Bhat 0552,796,71,206121,BC-E,Mahatma Gandhi Institute of Technology - EEE,"JNTUH University College of Engineering, Mahabubabad - CSE",Vardhaman College of Engineering - CIVIL,CMR College of Engineering & Technology - MECH,"JNTUH University College of Engineering, Palair - EEE"
S0553,Akash Patel 0553,920,154,5597,BC-E,"JNTUH University College of Engineering, Sultanpur - ECE",Muffakham Jah College of Engineering and Technology - CSE-AIML,Nalla Malla Reddy Engineering College - ECE,"JNTUH University College of Engineering, Jagtial - EEE","JNTUH University College of Engineering, Hyderabad - CSE"
S0554,Akshay Verma 0554,933,131,23907,OC,Samskruti College of Engineering and Technology - CSE,Sphoorthy Engineering College - CSE,Balaji Institute of Technology and Science - EEE,Nalgonda Institute of Technology and Science - MECH,Vardhaman College of Engineering - CSE-AIML
S0555,Ananya Varma 0555,885,121,39394,SC,Muffakham Jah College of Engineering and Technology - CIVIL,"University College of Engineering, Rajanna Sircilla - ECE",Vaagdevi Engineering College - CIVIL,KITS Warangal - ECE,Nalgonda Institute of Technology and Science - EEE
S0556,Anjali Yadav 0556,888,120,37445,BC-E,Anurag Engineering College - CSE,Jyothishmathi Institute of Technology and Science - CSE,Anurag Engineering College - ECE,Nalla Malla Reddy Engineering College - EEE,Vaagdevi Engineering College - EEE
S0557,Arjun Patel 0557,990,152,159,EWS,"University College of Engineering, Rajanna Sircilla - CSE-AIML","JNTUH University College of Engineering, Wanaparthy - ECE",Keshav Memorial Institute of Technology - CSE,CVR College of Engineering - CIVIL,Balaji Institute of Technology and Science - CIVIL
S0558,Bhavya Reddy 0558,878,124,29197,OC,Malla Reddy University - ECE,KITS Warangal - CSE,Vasavi College of Engineering - EEE,Mahatma Gandhi Institute of Technology - ECE,Institute of Aeronautical Engineering - ECE
S0559,Charan Shetty 0559,787,65,227199,OC,SR University - CIVIL,Guru Nanak Institute of Technology - ECE,Anurag University - MECH,Nalgonda Institute of Technology and Science - EEE,National Institute of Technology Warangal - CSE-AIML
S0560,Chaitanya Chowdary 0560,800,84,209006,BC-B,Malla Reddy Engineering College and Management Sciences - CIVIL,Mahatma Gandhi Institute of Technology - CSE-AIML,"University College of Engineering, Rajanna Sircilla - CSE",Nalgonda Institute of Technology and Science - CSE,Vardhaman College of Engineering - CSE
S0561,Deepak Iyer 0561,861,79,187960,EWS,KG Reddy College of Engineering and Technology - MECH,Guru Nanak Institute of Technology - CSE,"University College of Engineering, Rajanna Sircilla - MECH",Anurag Engineering College - CSE,Jyothishmathi Institute of Technology and Science - ECE
S0562,Divya Sharma 0562,928,154,12734,OC,Samskruti College of Engineering and Technology - CSE,Sreenidhi Institute of Science and Technology - EEE,National Institute of Technology Warangal - CSE,Vaagdevi Engineering College - EEE,Institute of Aeronautical Engineering - CSE-AIML
S0563,Harsha Murthy 0563,966,142,1597,BC-B,Malla Reddy Engineering College - EEE,Chaitanya Bharathi Institute of Technology - ECE,Marri Laxman Reddy Institute of Technology and Management - CIVIL,Jayamukhi Institute of Technological Sciences - CSE-AIML,Samskruti College of Engineering and Technology - MECH
S0564,Ishita Murthy 0564,882,120,66739,EWS,Vasavi College of Engineering - EEE,CMR Institute of Technology - MECH,CMR Institute of Technology - EEE,"JNTUH University College of Engineering, Palair - ECE",Guru Nanak Institute of Technology - CSE
S0565,Karthik Khan 0565,869,130,41336,SC,"JNTUH University College of Engineering, Mahabubabad - MECH",Marri Laxman Reddy Institute of Technology and Management - MECH,KG Reddy College of Engineering and Technology - MECH,Marri Laxman Reddy Institute of Technology and Management - CSE,CMR Technical Campus - EEE
S0566,Keerthana Patel 0566,886,100,73071,SC,KITS Warangal - EEE,Malla Reddy Engineering College - CIVIL,Guru Nanak Institutions Technical Campus - CSE-AIML,Princeton Institute of Engineering and Technology for Women - CIVIL,Jayamukhi Institute of Technological Sciences - ECE
S0567,Krishna Naidu 0567,887,107,90793,SC,Vaagdevi Engineering College - ECE,Institute of Aeronautical Engineering - CSE,Anurag University - CSE,"JNTUH University College of Engineering, Manthani - CIVIL",Jyothishmathi Institute of Technology and Science - CSE-AIML
S0568,Lakshmi Kumar 0568,982,146,9134,OC,"JNTUH University College of Engineering, Wanaparthy - ECE",Maturi Venkata Subba Rao Engineering College - CSE-AIML,Muffakham Jah College of Engineering and Technology - CSE-AIML,Sreenidhi Institute of Science and Technology - EEE,Institute of Aeronautical Engineering - CIVIL
S0569,Manoj Prasad 0569,883,121,55966,OC,Kamala Nehru Polytechnic College for Women - CSE,Malla Reddy Engineering College - EEE,Maturi Venkata Subba Rao Engineering College - CSE,Maturi Venkata Subba Rao Engineering College - CSE-AIML,Siddhartha Institute of Technology and Sciences - ECE
S0570,Meghana Patel 0570,849,82,157338,BC-B,Balaji Institute of Technology and Science - MECH,Muffakham Jah College of Engineering and Technology - EEE,Kakatiya Institute of Technology and Science - ECE,Guru Nanak Institute of Technology - CSE-AIML,Kakatiya Institute of Technology and Science - MECH
S0571,Nandini Khan 0571,921,127,43972,EWS,Malla Reddy Engineering College - CSE-AIML,CMR College of Engineering & Technology - CIVIL,Sreenidhi Institute of Science and Technology - MECH,CMR College of Engineering & Technology - EEE,National Institute of Technology Warangal - CSE-AIML
S0572,Nikhil Chowdary 0572,843,98,139972,BC-D,B V Raju Institute of Technology - CSE-AIML,Jayamukhi Institute of Technological Sciences - EEE,Maturi Venkata Subba Rao Engineering College - CSE-AIML,Mahatma Gandhi Institute of Technology - CIVIL,Anurag Engineering College - ECE
S0573,Pooja Sharma 0573,891,82,146957,BC-B,Vaagdevi Engineering College - EEE,Nalgonda Institute of Technology and Science - EEE,Anurag University - CSE,KG Reddy College of Engineering and Technology - ECE,Anurag Engineering College - CIVIL
S0574,Pranav Yadav 0574,921,106,80193,BC-B,Gokaraju Rangaraju Institute of Engineering and Technology - ECE,Malla Reddy University - EEE,"University College of Engineering, Osmania University - CSE-AIML",CVR College of Engineering - MECH,Vasavi College of Engineering - EEE
S0575,Priya Singh 0575,858,83,190182,OC,"JNTUH University College of Engineering, Sultanpur - ECE",Anurag University - ECE,B V Raju Institute of Technology - CIVIL,"JNTUH University College of Engineering, Jagtial - CSE-AIML",Malla Reddy University - CIVIL
S0576,Rahul Prasad 0576,842,103,78988,OC,Princeton Institute of Engineering and Technology for Women - CSE-AIML,"University College of Engineering, Osmania University - MECH",Malla Reddy Engineering College and Management Sciences - EEE,"JNTUH University College of Engineering, Jagtial - MECH",B V Raju Institute of Technology - MECH
S0577,Rakesh Kumar 0577,933,150,9546,BC-A,Malla Reddy University - MECH,Sphoorthy Engineering College - ECE,KITS Warangal - ECE,Vaagdevi Engineering College - CIVIL,Malla Reddy University - EEE
S0578,Riya Kumar 0578,875,99,111396,OC,Vaagdevi Engineering College - MECH,Gokaraju Rangaraju Institute of Engineering and Technology - ECE,Marri Laxman Reddy Institute of Technology and Management - CIVIL,Muffakham Jah College of Engineering and Technology - MECH,Anurag University - MECH
S0579,Rohit Yadav 0579,834,91,164844,SC,"University College of Engineering, Osmania University - CSE",Princeton Institute of Engineering and Technology for Women - ECE,"JNTUH University College of Engineering, Manthani - ECE",MVSR Engineering College - CSE,Kakatiya Institute of Technology and Science - CSE-AIML
S0580,Sai Murthy 0580,880,115,20210,OC,CMR College of Engineering & Technology - CSE-AIML,"JNTUH University College of Engineering, Jagtial - EEE",MVSR Engineering College - CSE-AIML,Sreenidhi Institute of Science and Technology - CSE-AIML,CMR Institute of Technology - CSE-AIML
S0581,Sanjana Sharma 0581,982,160,60,BC-A,Nalgonda Institute of Technology and Science - CIVIL,"JNTUH University College of Engineering, Hyderabad - CIVIL",Sreenidhi Institute of Science and Technology - CIVIL,Malla Reddy University - MECH,CMR Institute of Technology - CSE
S0582,Sanjay Shetty 0582,990,152,5645,EWS,"University College of Engineering, Rajanna Sircilla - ECE",MLR Institute of Technology - CSE-AIML,CVR College of Engineering - CSE-AIML,Vardhaman College of Engineering - CSE,MLR Institute of Technology - EEE
S0583,Sathvik Kumar 0583,990,153,5305,OC,Sphoorthy Engineering College - CIVIL,MLR Institute of Technology - CIVIL,Vasavi College of Engineering - CSE-AIML,Princeton Institute of Engineering and Technology for Women - EEE,Marri Laxman Reddy Institute of Technology and Management - MECH
S0584,Shreya Rao 0584,908,112,58712,EWS,B V Raju Institute of Technology - EEE,"JNTUH University College of Engineering, Mahabubabad - CIVIL","JNTUH University College of Engineering, Hyderabad - CSE-AIML",Nalgonda Institute of Technology and Science - CIVIL,Guru Nanak Institutions Technical Campus - CSE-AIML
S0585,Siddharth Bhat 0585,897,133,48905,BC-D,MLR Institute of Technology - ECE,"JNTUH University College of Engineering, Mahabubabad - ECE",Nalla Malla Reddy Engineering College - CIVIL,Jayamukhi Institute of Technological Sciences - EEE,Chaitanya Bharathi Institute of Technology - CSE
S0586,Sneha Bhat 0586,802,60,246659,BC-B,B V Raju Institute of Technology - ECE,National Institute of Technology Warangal - CSE,Jyothishmathi Institute of Technology and Science - ECE,"JNTUH University College of Engineering, Hyderabad - CSE",KITS Warangal - MECH
S0587,Srinivas Sharma 0587,888,120,67678,EWS,Kamala Nehru Polytechnic College for Women - CIVIL,Kakatiya Institute of Technology and Science - MECH,"JNTUH University College of Engineering, Hyderabad - EEE",KITS Warangal - CIVIL,Guru Nanak Institute of Technology - CIVIL
S0588,Srujana Nair 0588,895,128,34319,SC,CMR Technical Campus - CIVIL,"JNTUH University College of Engineering, Jagtial - CSE-AIML",B V Raju Institute of Technology - ECE,KG Reddy College of Engineering and Technology - CIVIL,Vardhaman College of Engineering - CIVIL
S0589,Teja Reddy 0589,833,79,134354,BC-B,SR University - MECH,Kamala Nehru Polytechnic College for Women - CSE-AIML,Jayamukhi Institute of Technological Sciences - CIVIL,Jyothishmathi Institute of Technology and Science - CSE-AIML,MLR Institute of Technology - MECH
S0590,Varun Prasad 0590,944,149,9478,OC,Marri Laxman Reddy Institute of Technology and Management - EEE,"JNTUH University College of Engineering, Mahabubabad - CSE-AIML",CVR College of Engineering - MECH,"JNTUH University College of Engineering, Hyderabad - EEE",MVSR Engineering College - MECH
S0591,Vamshi Khan 0591,936,116,62587,BC-B,"JNTUH University College of Engineering, Manthani - CSE-AIML",Siddhartha Institute of Technology and Sciences - CSE,"JNTUH University College of Engineering, Jagtial - MECH","University College of Engineering, Osmania University - CIVIL",SR University - MECH
S0592,Vishal Goud 0592,959,141,7067,ST,"JNTUH University College of Engineering, Wanaparthy - CIVIL",Vaagdevi Engineering College - MECH,Keshav Memorial Institute of Technology - CIVIL,Nalgonda Institute of Technology and Science - ECE,Malla Reddy Engineering College and Management Sciences - CIVIL
S0593,Yash Shetty 0593,898,118,53141,BC-B,Vardhaman College of Engineering - CIVIL,Jyothishmathi Institute of Technology and Science - MECH,CMR Institute of Technology - CSE,Samskruti College of Engineering and Technology - MECH,Jayamukhi Institute of Technological Sciences - CSE
S0594,Anusha Iyer 0594,914,136,59506,OC,Anurag University - CSE-AIML,"JNTUH University College of Engineering, Sultanpur - MECH",CVR College of Engineering - CSE-AIML,"JNTUH University College of Engineering, Mahabubabad - MECH",Guru Nanak Institutions Technical Campus - ECE
S0595,Bhargav Reddy 0595,990,148,2633,BC-E,"University College of Engineering, Rajanna Sircilla - CSE-AIML",KITS Warangal - ECE,Anurag University - ECE,"University College of Engineering, Kakatiya University - EEE",Guru Nanak Institutions Technical Campus - ECE
S0596,Hemanth Yadav 0596,841,79,219447,BC-C,"JNTUH University College of Engineering, Mahabubabad - EEE",Samskruti College of Engineering and Technology - EEE,MVSR Engineering College - ECE,Anurag Engineering College - CIVIL,Gokaraju Rangaraju Institute of Engineering and Technology - EEE
S0597,Mounika Yadav 0597,837,102,98875,OC,Princeton Institute of Engineering and Technology for Women - CSE,"JNTUH University College of Engineering, Manthani - EEE",Sreenidhi Institute of Science and Technology - CSE,Siddhartha Institute of Technology and Sciences - ECE,SR University - CIVIL
S0598,Navya Deshmukh 0598,924,115,69145,BC-D,"University College of Engineering, Kakatiya University - CSE",Nalgonda Institute of Technology and Science - CSE-AIML,Siddhartha Institute of Technology and Sciences - CSE,Kamala Nehru Polytechnic College for Women - ECE,Anurag University - CIVIL
S0599,Pavan Murthy 0599,942,141,23103,BC-D,Marri Laxman Reddy Institute of Technology and Management - CSE,Malla Reddy Engineering College and Management Sciences - MECH,Institute of Aeronautical Engineering - CIVIL,"JNTUH University College of Engineering, Mahabubabad - CSE",Princeton Institute of Engineering and Technology for Women - CSE
S0600,Swathi Prasad 0600,877,135,33856,SC,"JNTUH University College of Engineering, Hyderabad - ECE",Nalla Malla Reddy Engineering College - CSE,Keshav Memorial Institute of Technology - EEE,Samskruti College of Engineering and Technology - CSE-AIML,MLR Institute of Technology - CSE-AIML
S0601,Aarav Kumar 0601,834,94,140584,BC-A,Guru Nanak Institute of Technology - MECH,"JNTUH University College of Engineering, Hyderabad - EEE",Mahatma Gandhi Institute of Technology - CSE,Malla Reddy University - MECH,Keshav Memorial Institute of Technology - MECH
S0602,Aditya Yadav 0602,781,80,156138,SC,Jayamukhi Institute of Technological Sciences - CSE-AIML,Kamala Nehru Polytechnic College for Women - ECE,Mahathma Gandhi University College of Engineering and Technology - CIVIL,Marri Laxman Reddy Institute of Technology and Management - MECH,MLR Institute of Technology - EEE
S0603,Akash Varma 0603,844,106,95977,BC-B,"University College of Engineering, Rajanna Sircilla - CSE-AIML",Nalgonda Institute of Technology and Science - ECE,VNR Vignana Jyothi Institute of Engineering and Technology - EEE,Keshav Memorial Institute of Technology - CSE-AIML,SR University - CSE
S0604,Akshay Prasad 0604,837,91,147475,BC-E,Jyothishmathi Institute of Technology and Science - MECH,"JNTUH University College of Engineering, Manthani - CIVIL",Kakatiya Institute of Technology and Science - CSE-AIML,Gokaraju Rangaraju Institute of Engineering and Technology - EEE,Marri Laxman Reddy Institute of Technology and Management - CSE
S0605,Ananya Chowdary 0605,859,92,119962,SC,"JNTUH University College of Engineering, Sultanpur - EEE",Sreenidhi Institute of Science and Technology - CSE,Sreenidhi Institute of Science and Technology - MECH,Malla Reddy University - CSE-AIML,"JNTUH University College of Engineering, Mahabubabad - CSE-AIML"
S0606,Anjali Nair 0606,854,96,97511,ST,Sphoorthy Engineering College - ECE,VNR Vignana Jyothi Institute of Engineering and Technology - EEE,VNR Vignana Jyothi Institute of Engineering and Technology - MECH,KITS Warangal - ECE,Chaitanya Bharathi Institute of Technology - CIVIL
S0607,Arjun Bhat 0607,898,129,51011,SC,"JNTUH University College of Engineering, Sultanpur - EEE","University College of Engineering, Kakatiya University - CSE",MLR Institute of Technology - MECH,Marri Laxman Reddy Institute of Technology and Management - CIVIL,Vardhaman College of Engineering - EEE
S0608,Bhavya Murthy 0608,920,133,13535,SC,Nalgonda Institute of Technology and Science - CIVIL,B V Raju Institute of Technology - CIVIL,"JNTUH University College of Engineering, Sultanpur - CSE",National Institute of Technology Warangal - CSE-AIML,"JNTUH University College of Engineering, Manthani - CSE-AIML"
S0609,Charan Shetty 0609,975,160,1228,OC,Sphoorthy Engineering College - CSE-AIML,CVR College of Engineering - CIVIL,Jyothishmathi Institute of Technology and Science - CIVIL,"University College of Engineering, Rajanna Sircilla - MECH","JNTUH University College of Engineering, Jagtial - ECE"
S0610,Chaitanya Goud 0610,889,113,55462,OC,Keshav Memorial Institute of Technology - ECE,Jyothishmathi Institute of Technology and Science - CSE-AIML,Jyothishmathi Institute of Technology and Science - EEE,Vaagdevi Engineering College - EEE,"University College of Engineering, Osmania University - MECH"
S0611,Deepak Khan 0611,955,149,9030,BC-B,SR University - CIVIL,Muffakham Jah College of Engineering and Technology - CIVIL,Nalgonda Institute of Technology and Science - MECH,CMR College of Engineering & Technology - CIVIL,Marri Laxman Reddy Institute of Technology and Management - ECE
S0612,Divya Singh 0612,838,60,209239,BC-E,Malla Reddy Engineering College - CIVIL,Princeton Institute of Engineering and Technology for Women - ECE,Nalgonda Institute of Technology and Science - CSE,Institute of Aeronautical Engineering - EEE,"JNTUH University College of Engineering, Sultanpur - MECH"
S0613,Harsha Goud 0613,899,120,68598,EWS,Nalla Malla Reddy Engineering College - ECE,CMR Institute of Technology - EEE,Malla Reddy Engineering College - ECE,Nalla Malla Reddy Engineering College - EEE,Institute of Aeronautical Engineering - CSE
S0614,Ishita Murthy 0614,802,68,227472,SC,"University College of Engineering, Kakatiya University - CIVIL",Jayamukhi Institute of Technological Sciences - CSE,"JNTUH University College of Engineering, Hyderabad - EEE",Chaitanya Bharathi Institute of Technology - ECE,Nalla Malla Reddy Engineering College - ECE
S0615,Karthik Varma 0615,844,111,57708,OC,Institute of Aeronautical Engineering - MECH,KITS Warangal - ECE,MVSR Engineering College - CSE-AIML,Nalla Malla Reddy Engineering College - EEE,Chaitanya Bharathi Institute of Technology - CIVIL
S0616,Keerthana Chowdary 0616,862,110,123313,BC-D,Malla Reddy University - CIVIL,KITS Warangal - MECH,Sreenidhi Institute of Science and Technology - CSE-AIML,"JNTUH University College of Engineering, Manthani - CSE",Vaagdevi Engineering College - ECE
S0617,Krishna Naidu 0617,835,108,84375,OC,VNR Vignana Jyothi Institute of Engineering and Technology - EEE,Sphoorthy Engineering College - EEE,Anurag University - EEE,B V Raju Institute of Technology - CSE,Anurag Engineering College - CSE
S0618,Lakshmi Naidu 0618,882,105,98907,BC-B,Keshav Memorial Institute of Technology - ECE,Muffakham Jah College of Engineering and Technology - CIVIL,"University College of Engineering, Rajanna Sircilla - CSE","JNTUH University College of Engineering, Sultanpur - CIVIL","University College of Engineering, Rajanna Sircilla - ECE"
S0619,Manoj Sharma 0619,915,117,61584,ST,VNR Vignana Jyothi Institute of Engineering and Technology - MECH,Balaji Institute of Technology and Science - CIVIL,"JNTUH University College of Engineering, Jagtial - CSE",Malla Reddy University - EEE,Anurag University - CIVIL
S0620,Meghana Reddy 0620,903,118,71601,OC,"University College of Engineering, Rajanna Sircilla - MECH",Anurag University - EEE,"JNTUH University College of Engineering, Jagtial - EEE",Malla Reddy Engineering College - CSE-AIML,Kamala Nehru Polytechnic College for Women - MECH
S0621,Nandini Prasad 0621,882,93,120901,BC-C,CMR College of Engineering & Technology - EEE,Siddhartha Institute of Technology and Sciences - MECH,CMR College of Engineering & Technology - ECE,KG Reddy College of Engineering and Technology - CSE,KITS Warangal - ECE
S0622,Nikhil Chowdary 0622,914,128,59349,ST,"University College of Engineering, Kakatiya University - EEE",SR University - ECE,Muffakham Jah College of Engineering and Technology - ECE,Keshav Memorial Institute of Technology - MECH,Kakatiya Institute of Technology and Science - EEE
S0623,Pooja Rao 0623,796,70,200054,BC-E,CMR Technical Campus - CSE,Malla Reddy Engineering College - CSE-AIML,"JNTUH University College of Engineering, Manthani - CSE-AIML","University College of Engineering, Kakatiya University - EEE",Vardhaman College of Engineering - EEE
S0624,Pranav Iyer 0624,842,107,77009,OC,Malla Reddy Engineering College and Management Sciences - EEE,Sphoorthy Engineering College - CSE,Keshav Memorial Institute of Technology - MECH,"University College of Engineering, Rajanna Sircilla - CSE",Gokaraju Rangaraju Institute of Engineering and Technology - EEE
S0625,Priya Nair 0625,866,137,21398,EWS,"JNTUH University College of Engineering, Hyderabad - CIVIL",Vaagdevi Engineering College - MECH,Sphoorthy Engineering College - ECE,SR University - EEE,Guru Nanak Institute of Technology - CIVIL
S0626,Rahul Murthy 0626,866,119,95895,SC,"University College of Engineering, Kakatiya University - CSE-AIML","University College of Engineering, Kakatiya University - MECH",CMR Institute of Technology - CIVIL,"JNTUH University College of Engineering, Sultanpur - CIVIL",KITS Warangal - MECH
S0627,Rakesh Deshmukh 0627,901,115,55701,OC,Kakatiya Institute of Technology and Science - CSE,Keshav Memorial Institute of Technology - CSE-AIML,CVR College of Engineering - MECH,"JNTUH University College of Engineering, Manthani - CSE-AIML",Sphoorthy Engineering College - MECH
S0628,Riya Iyer 0628,956,151,5751,OC,Princeton Institute of Engineering and Technology for Women - EEE,Jayamukhi Institute of Technological Sciences - CIVIL,Muffakham Jah College of Engineering and Technology - CIVIL,Keshav Memorial Institute of Technology - MECH,Jayamukhi Institute of Technological Sciences - CSE
S0629,Rohit Singh 0629,819,75,191074,SC,MVSR Engineering College - EEE,Vaagdevi Engineering College - CSE,Muffakham Jah College of Engineering and Technology - CSE-AIML,Gokaraju Rangaraju Institute of Engineering and Technology - CSE,Siddhartha Institute of Technology and Sciences - EEE
S0630,Sai Khan 0630,836,67,216656,ST,Guru Nanak Institutions Technical Campus - CIVIL,Nalgonda Institute of Technology and Science - ECE,Nalla Malla Reddy Engineering College - ECE,Keshav Memorial Institute of Technology - ECE,MLR Institute of Technology - MECH
S0631,Sanjana Verma 0631,860,99,118129,OC,"JNTUH University College of Engineering, Mahabubabad - MECH",Kakatiya Institute of Technology and Science - CIVIL,Malla Reddy University - EEE,Marri Laxman Reddy Institute of Technology and Management - CIVIL,CMR Institute of Technology - CIVIL
S0632,Sanjay Singh 0632,874,143,26852,OC,Guru Nanak Institute of Technology - CIVIL,"University College of Engineering, Osmania University - CSE",Sreenidhi Institute of Science and Technology - ECE,Muffakham Jah College of Engineering and Technology - CIVIL,Siddhartha Institute of Technology and Sciences - EEE
S0633,Sathvik Sharma 0633,896,131,14148,OC,Anurag Engineering College - CIVIL,Chaitanya Bharathi Institute of Technology - ECE,CMR Technical Campus - ECE,Sreenidhi Institute of Science and Technology - MECH,Nalgonda Institute of Technology and Science - EEE
S0634,Shreya Nair 0634,855,82,181913,BC-E,Marri Laxman Reddy Institute of Technology and Management - EEE,KG Reddy College of Engineering and Technology - ECE,VNR Vignana Jyothi Institute of Engineering and Technology - EEE,Malla Reddy Engineering College - ECE,Mahathma Gandhi University College of Engineering and Technology - EEE
S0635,Siddharth Reddy 0635,831,80,198956,BC-A,Jyothishmathi Institute of Technology and Science - ECE,SR University - CIVIL,CMR Institute of Technology - EEE,VNR Vignana Jyothi Institute of Engineering and Technology - ECE,Vasavi College of Engineering - CIVIL
S0636,Sneha Singh 0636,849,115,60008,OC,"JNTUH University College of Engineering, Mahabubabad - CSE-AIML",Princeton Institute of Engineering and Technology for Women - CIVIL,Mahathma Gandhi University College of Engineering and Technology - CSE-AIML,Vaagdevi Engineering College - EEE,Princeton Institute of Engineering and Technology for Women - ECE
S0637,Srinivas Deshmukh 0637,857,78,180601,OC,"University College of Engineering, Rajanna Sircilla - EEE",Siddhartha Institute of Technology and Sciences - CIVIL,Siddhartha Institute of Technology and Sciences - CSE-AIML,Anurag Engineering College - MECH,"JNTUH University College of Engineering, Sultanpur - ECE"
S0638,Srujana Khan 0638,841,92,118230,OC,"University College of Engineering, Kakatiya University - CIVIL",Vaagdevi Engineering College - MECH,Siddhartha Institute of Technology and Sciences - CSE,MLR Institute of Technology - CIVIL,Vaagdevi Engineering College - CSE
S0639,Teja Singh 0639,864,84,157063,ST,Balaji Institute of Technology and Science - CSE,"University College of Engineering, Kakatiya University - CSE",CVR College of Engineering - CSE-AIML,"JNTUH University College of Engineering, Jagtial - EEE",Mahathma Gandhi University College of Engineering and Technology - MECH
S0640,Varun Kumar 0640,865,107,73774,SC,Sphoorthy Engineering College - ECE,B V Raju Institute of Technology - EEE,Nalla Malla Reddy Engineering College - EEE,Marri Laxman Reddy Institute of Technology and Management - MECH,Nalgonda Institute of Technology and Science - EEE
S0641,Vamshi Kumar 0641,877,101,126891,BC-B,Sphoorthy Engineering College - CIVIL,"JNTUH University College of Engineering, Hyderabad - EEE",Keshav Memorial Institute of Technology - ECE,MVSR Engineering College - CIVIL,Nalla Malla Reddy Engineering College - CIVIL
S0642,Vishal Varma 0642,888,103,87162,BC-D,Jyothishmathi Institute of Technology and Science - CSE,Mahathma Gandhi University College of Engineering and Technology - EEE,Princeton Institute of Engineering and Technology for Women - EEE,Jayamukhi Institute of Technological Sciences - CSE,Samskruti College of Engineering and Technology - MECH
S0643,Yash Patel 0643,802,75,211972,SC,Vaagdevi Engineering College - CSE-AIML,Maturi Venkata Subba Rao Engineering College - EEE,KITS Warangal - CIVIL,"JNTUH University College of Engineering, Wanaparthy - CSE-AIML",Guru Nanak Institutions Technical Campus - EEE
S0644,Anusha Bhat 0644,801,81,215170,BC-B,Gokaraju Rangaraju Institute of Engineering and Technology - MECH,KITS Warangal - CSE-AIML,"JNTUH University College of Engineering, Manthani - CSE-AIML",Jyothishmathi Institute of Technology and Science - MECH,Mahathma Gandhi University College of Engineering and Technology - MECH
S0645,Bhargav Nair 0645,975,139,8331,BC-B,"JNTUH University College of Engineering, Hyderabad - CIVIL","University College of Engineering, Rajanna Sircilla - ECE",Chaitanya Bharathi Institute of Technology - ECE,National Institute of Technology Warangal - MECH,"JNTUH University College of Engineering, Palair - EEE"
S0646,Hemanth Naidu 0646,810,59,248836,OC,CMR College of Engineering & Technology - MECH,KG Reddy College of Engineering and Technology - CSE-AIML,Mahatma Gandhi Institute of Technology - CIVIL,CMR College of Engineering & Technology - EEE,Mahathma Gandhi University College of Engineering and Technology - ECE
S0647,Mounika Chowdary 0647,861,118,56497,OC,National Institute of Technology Warangal - CSE-AIML,"JNTUH University College of Engineering, Mahabubabad - CSE-AIML",Vaagdevi Engineering College - EEE,"JNTUH University College of Engineering, Manthani - CIVIL",Princeton Institute of Engineering and Technology for Women - EEE
S0648,Navya Goud 0648,848,105,80344,OC,Vaagdevi Engineering College - ECE,Siddhartha Institute of Technology and Sciences - MECH,CMR Institute of Technology - EEE,Vasavi College of Engineering - ECE,MLR Institute of Technology - CIVIL
S0649,Pavan Yadav 0649,905,140,24492,BC-B,MLR Institute of Technology - MECH,Chaitanya Bharathi Institute of Technology - ECE,"JNTUH University College of Engineering, Hyderabad - CIVIL",Mahathma Gandhi University College of Engineering and Technology - ECE,Marri Laxman Reddy Institute of Technology and Management - MECH
S0650,Swathi Kumar 0650,892,128,46080,SC,Vasavi College of Engineering - CIVIL,CMR Technical Campus - MECH,B V Raju Institute of Technology - CSE,Malla Reddy Engineering College and Management Sciences - CSE,"JNTUH University College of Engineering, Hyderabad - CIVIL"
S0651,Aarav Bhat 0651,863,123,49731,BC-B,"JNTUH University College of Engineering, Sultanpur - EEE",Gokaraju Rangaraju Institute of Engineering and Technology - EEE,Mahathma Gandhi University College of Engineering and Technology - CSE,Nalgonda Institute of Technology and Science - CSE-AIML,Malla Reddy Engineering College and Management Sciences - MECH
S0652,Aditya Verma 0652,990,160,2572,BC-D,"University College of Engineering, Osmania University - CSE-AIML",Mahathma Gandhi University College of Engineering and Technology - ECE,Gokaraju Rangaraju Institute of Engineering and Technology - CIVIL,MLR Institute of Technology - EEE,National Institute of Technology Warangal - CIVIL
S0653,Akash Murthy 0653,883,126,34183,SC,Malla Reddy Engineering College and Management Sciences - CSE-AIML,"University College of Engineering, Osmania University - CSE-AIML",Chaitanya Bharathi Institute of Technology - MECH,Anurag University - ECE,B V Raju Institute of Technology - CSE-AIML
S0654,Akshay Goud 0654,920,149,5973,BC-D,Vaagdevi Engineering College - ECE,Kamala Nehru Polytechnic College for Women - CSE,VNR Vignana Jyothi Institute of Engineering and Technology - ECE,"University College of Engineering, Osmania University - ECE",Vardhaman College of Engineering - MECH
S0655,Ananya Sharma 0655,775,87,187993,ST,Marri Laxman Reddy Institute of Technology and Management - ECE,"JNTUH University College of Engineering, Jagtial - CIVIL","University College of Engineering, Osmania University - ECE",Nalla Malla Reddy Engineering College - CSE,CMR College of Engineering & Technology - EEE
S0656,Anjali Shetty 0656,893,140,44432,BC-B,CMR Institute of Technology - EEE,Balaji Institute of Technology and Science - CIVIL,B V Raju Institute of Technology - CSE,Mahathma Gandhi University College of Engineering and Technology - ECE,KG Reddy College of Engineering and Technology - ECE
S0657,Arjun Chowdary 0657,884,118,51433,BC-B,CMR Institute of Technology - CIVIL,MLR Institute of Technology - CIVIL,KG Reddy College of Engineering and Technology - CSE,Jyothishmathi Institute of Technology and Science - CIVIL,Vasavi College of Engineering - CSE-AIML
S0658,Bhavya Reddy 0658,868,94,121061,OC,Gokaraju Rangaraju Institute of Engineering and Technology - EEE,Institute of Aeronautical Engineering - EEE,Chaitanya Bharathi Institute of Technology - CIVIL,Malla Reddy Engineering College and Management Sciences - CIVIL,KG Reddy College of Engineering and Technology - EEE
S0659,Charan Chowdary 0659,883,133,47545,BC-E,Nalgonda Institute of Technology and Science - CSE,"University College of Engineering, Osmania University - CSE-AIML",Samskruti College of Engineering and Technology - ECE,Mahatma Gandhi Institute of Technology - CSE,CVR College of Engineering - ECE
S0660,Chaitanya Khan 0660,948,150,4792,ST,Vardhaman College of Engineering - EEE,Jayamukhi Institute of Technological Sciences - EEE,CMR Technical Campus - CIVIL,"University College of Engineering, Rajanna Sircilla - CSE-AIML",KITS Warangal - CSE-AIML
S0661,Deepak Verma 0661,882,107,59362,OC,Guru Nanak Institutions Technical Campus - CIVIL,CMR College of Engineering & Technology - CSE,CMR Technical Campus - ECE,Malla Reddy University - MECH,"JNTUH University College of Engineering, Sultanpur - MECH"
S0662,Divya Naidu 0662,867,110,87932,OC,CVR College of Engineering - CIVIL,Vasavi College of Engineering - ECE,Jyothishmathi Institute of Technology and Science - CSE,"JNTUH University College of Engineering, Jagtial - CIVIL",KG Reddy College of Engineering and Technology - CSE
S0663,Harsha Goud 0663,926,143,11061,BC-B,SR University - EEE,Mahathma Gandhi University College of Engineering and Technology - ECE,MLR Institute of Technology - CSE-AIML,Balaji Institute of Technology and Science - CSE,Nalgonda Institute of Technology and Science - CSE
S0664,Ishita Khan 0664,832,97,125004,SC,VNR Vignana Jyothi Institute of Engineering and Technology - ECE,Mahathma Gandhi University College of Engineering and Technology - MECH,Vasavi College of Engineering - EEE,Chaitanya Bharathi Institute of Technology - EEE,"University College of Engineering, Osmania University - CSE"
S0665,Karthik Deshmukh 0665,810,75,235308,SC,Marri Laxman Reddy Institute of Technology and Management - MECH,"University College of Engineering, Rajanna Sircilla - MECH",CVR College of Engineering - ECE,Anurag University - CSE,Kakatiya Institute of Technology and Science - CSE-AIML
S0666,Keerthana Naidu 0666,916,115,55945,SC,Princeton Institute of Engineering and Technology for Women - EEE,CMR Technical Campus - CSE,Sphoorthy Engineering College - CSE-AIML,Vaagdevi Engineering College - CSE,Malla Reddy Engineering College and Management Sciences - CSE
S0667,Krishna Iyer 0667,906,88,138396,OC,Institute of Aeronautical Engineering - CSE,Keshav Memorial Institute of Technology - EEE,Malla Reddy University - CSE-AIML,MLR Institute of Technology - ECE,"JNTUH University College of Engineering, Manthani - CSE"
S0668,Lakshmi Kumar 0668,907,137,12148,BC-B,SR University - EEE,Gokaraju Rangaraju Institute of Engineering and Technology - CSE-AIML,"JNTUH University College of Engineering, Wanaparthy - CSE-AIML",Gokaraju Rangaraju Institute of Engineering and Technology - CIVIL,Sreenidhi Institute of Science and Technology - CSE
S0669,Manoj Goud 0669,824,103,128636,OC,CVR College of Engineering - EEE,Sreenidhi Institute of Science and Technology - EEE,Jyothishmathi Institute of Technology and Science - CSE-AIML,Anurag Engineering College - CSE-AIML,"JNTUH University College of Engineering, Jagtial - CSE"
S0670,Meghana Murthy 0670,802,71,233357,SC,Samskruti College of Engineering and Technology - MECH,Guru Nanak Institute of Technology - CSE-AIML,SR University - MECH,Gokaraju Rangaraju Institute of Engineering and Technology - ECE,KG Reddy College of Engineering and Technology - CSE-AIML
S0671,Nandini Nair 0671,848,64,176487,BC-B,Maturi Venkata Subba Rao Engineering College - ECE,Guru Nanak Institute of Technology - ECE,KITS Warangal - ECE,Kamala Nehru Polytechnic College for Women - CIVIL,"JNTUH University College of Engineering, Sultanpur - ECE"
S0672,Nikhil Nair 0672,877,116,81658,OC,Keshav Memorial Institute of Technology - CSE,Nalgonda Institute of Technology and Science - ECE,Malla Reddy University - CSE,CVR College of Engineering - EEE,Malla Reddy Engineering College - EEE
S0673,Pooja Murthy 0673,889,131,36149,SC,Keshav Memorial Institute of Technology - MECH,Nalla Malla Reddy Engineering College - CSE-AIML,Malla Reddy University - CIVIL,Princeton Institute of Engineering and Technology for Women - MECH,National Institute of Technology Warangal - MECH
S0674,Pranav Yadav 0674,876,80,111541,BC-B,B V Raju Institute of Technology - ECE,Jayamukhi Institute of Technological Sciences - CSE,Balaji Institute of Technology and Science - MECH,Institute of Aeronautical Engineering - ECE,Anurag University - MECH
S0675,Priya Patel 0675,843,123,73292,SC,"JNTUH University College of Engineering, Sultanpur - EEE",Chaitanya Bharathi Institute of Technology - CSE,Keshav Memorial Institute of Technology - CSE-AIML,Mahathma Gandhi University College of Engineering and Technology - CIVIL,Maturi Venkata Subba Rao Engineering College - EEE
S0676,Rahul Verma 0676,867,125,73228,SC,MLR Institute of Technology - ECE,MVSR Engineering College - MECH,Kamala Nehru Polytechnic College for Women - CIVIL,"JNTUH University College of Engineering, Palair - ECE",Princeton Institute of Engineering and Technology for Women - ECE
S0677,Rakesh Iyer 0677,856,113,71981,OC,"JNTUH University College of Engineering, Wanaparthy - CSE",Siddhartha Institute of Technology and Sciences - EEE,Mahatma Gandhi Institute of Technology - EEE,Vaagdevi Engineering College - CSE,Jyothishmathi Institute of Technology and Science - CSE-AIML
S0678,Riya Sharma 0678,876,130,40282,BC-B,Vaagdevi Engineering College - CIVIL,SR University - CSE,CMR Institute of Technology - CIVIL,"University College of Engineering, Osmania University - CIVIL","University College of Engineering, Osmania University - CSE-AIML"
S0679,Rohit Yadav 0679,771,65,237781,EWS,"University College of Engineering, Kakatiya University - EEE",Malla Reddy Engineering College and Management Sciences - CSE,Anurag Engineering College - CIVIL,National Institute of Technology Warangal - CIVIL,Guru Nanak Institute of Technology - ECE
S0680,Sai Reddy 0680,825,88,138910,OC,MLR Institute of Technology - MECH,Vardhaman College of Engineering - MECH,National Institute of Technology Warangal - EEE,"JNTUH University College of Engineering, Hyderabad - CIVIL",Nalgonda Institute of Technology and Science - EEE
S0681,Sanjana Deshmukh 0681,886,135,37406,OC,CVR College of Engineering - ECE,"JNTUH University College of Engineering, Wanaparthy - CSE-AIML",CMR College of Engineering & Technology - CIVIL,B V Raju Institute of Technology - ECE,"JNTUH University College of Engineering, Palair - CSE-AIML"
S0682,Sanjay Deshmukh 0682,906,144,6691,SC,Anurag Engineering College - ECE,Kamala Nehru Polytechnic College for Women - ECE,Balaji Institute of Technology and Science - CIVIL,Institute of Aeronautical Engineering - CIVIL,Guru Nanak Institute of Technology - CIVIL
S0683,Sathvik Goud 0683,805,89,137220,SC,KITS Warangal - ECE,"JNTUH University College of Engineering, Manthani - ECE",B V Raju Institute of Technology - CSE,Vasavi College of Engineering - CSE-AIML,CMR Institute of Technology - CSE
S0684,Shreya Naidu 0684,838,105,104973,ST,"JNTUH University College of Engineering, Jagtial - CSE","JNTUH University College of Engineering, Wanaparthy - CSE-AIML",Guru Nanak Institutions Technical Campus - EEE,KG Reddy College of Engineering and Technology - MECH,MVSR Engineering College - ECE
S0685,Siddharth Murthy 0685,825,64,209586,SC,Malla Reddy Engineering College - CIVIL,Jayamukhi Institute of Technological Sciences - MECH,KG Reddy College of Engineering and Technology - ECE,Vasavi College of Engineering - CSE-AIML,"University College of Engineering, Kakatiya University - EEE"
S0686,Sneha Naidu 0686,862,117,51288,BC-D,Marri Laxman Reddy Institute of Technology and Management - CSE,Malla Reddy Engineering College and Management Sciences - CIVIL,MLR Institute of Technology - EEE,Guru Nanak Institutions Technical Campus - CSE-AIML,Mahathma Gandhi University College of Engineering and Technology - CSE
S0687,Srinivas Rao 0687,891,120,65218,OC,Vaagdevi Engineering College - CIVIL,Chaitanya Bharathi Institute of Technology - EEE,Institute of Aeronautical Engineering - ECE,"JNTUH University College of Engineering, Wanaparthy - EEE",SR University - MECH
S0688,Srujana Iyer 0688,879,101,69077,BC-B,"JNTUH University College of Engineering, Hyderabad - CIVIL",Guru Nanak Institute of Technology - MECH,Muffakham Jah College of Engineering and Technology - CIVIL,SR University - MECH,CMR Technical Campus - MECH
S0689,Teja Goud 0689,912,124,40112,BC-A,Sreenidhi Institute of Science and Technology - MECH,"JNTUH University College of Engineering, Hyderabad - EEE",Anurag Engineering College - CIVIL,"JNTUH University College of Engineering, Hyderabad - MECH",CVR College of Engineering - CSE
S0690,Varun Shetty 0690,846,115,56656,BC-E,Marri Laxman Reddy Institute of Technology and Management - ECE,"JNTUH University College of Engineering, Wanaparthy - EEE",Guru Nanak Institute of Technology - ECE,Gokaraju Rangaraju Institute of Engineering and Technology - EEE,"JNTUH University College of Engineering, Mahabubabad - MECH"
S0691,Vamshi Iyer 0691,780,61,240928,BC-B,Muffakham Jah College of Engineering and Technology - MECH,MLR Institute of Technology - CIVIL,Kakatiya Institute of Technology and Science - CIVIL,Samskruti College of Engineering and Technology - MECH,CMR Institute of Technology - EEE
S0692,Vishal Patel 0692,905,110,53875,OC,National Institute of Technology Warangal - CSE-AIML,CMR Institute of Technology - CSE-AIML,"JNTUH University College of Engineering, Jagtial - CIVIL",Keshav Memorial Institute of Technology - CSE-AIML,CMR College of Engineering & Technology - CSE
S0693,Yash Reddy 0693,930,108,65798,BC-C,SR University - ECE,Muffakham Jah College of Engineering and Technology - CIVIL,Anurag Engineering College - ECE,Chaitanya Bharathi Institute of Technology - EEE,Sphoorthy Engineering College - CSE-AIML
S0694,Anusha Sharma 0694,796,68,212483,OC,CMR College of Engineering & Technology - CIVIL,Vaagdevi Engineering College - ECE,Guru Nanak Institute of Technology - ECE,"JNTUH University College of Engineering, Palair - ECE",Samskruti College of Engineering and Technology - ECE
S0695,Bhargav Shetty 0695,803,88,129169,OC,Anurag Engineering College - EEE,Vaagdevi Engineering College - ECE,Marri Laxman Reddy Institute of Technology and Management - CSE,Malla Reddy University - CSE,VNR Vignana Jyothi Institute of Engineering and Technology - CIVIL
S0696,Hemanth Naidu 0696,909,124,38766,OC,CMR Technical Campus - ECE,CVR College of Engineering - CSE,Marri Laxman Reddy Institute of Technology and Management - EEE,Guru Nanak Institutions Technical Campus - CIVIL,Chaitanya Bharathi Institute of Technology - CSE
S0697,Mounika Chowdary 0697,930,119,47301,ST,Jayamukhi Institute of Technological Sciences - EEE,"JNTUH University College of Engineering, Sultanpur - CIVIL","JNTUH University College of Engineering, Sultanpur - MECH",SR University - CSE-AIML,Mahathma Gandhi University College of Engineering and Technology - CSE-AIML
S0698,Navya Goud 0698,880,104,73974,OC,Sphoorthy Engineering College - MECH,National Institute of Technology Warangal - CSE,"JNTUH University College of Engineering, Sultanpur - CSE-AIML","University College of Engineering, Osmania University - MECH",CVR College of Engineering - ECE
S0699,Pavan Murthy 0699,785,69,242460,ST,Marri Laxman Reddy Institute of Technology and Management - EEE,CVR College of Engineering - CSE,MLR Institute of Technology - CSE-AIML,"JNTUH University College of Engineering, Palair - CSE-AIML","JNTUH University College of Engineering, Jagtial - MECH"
S0700,Swathi Kumar 0700,820,90,149724,SC,Malla Reddy Engineering College - CIVIL,"JNTUH University College of Engineering, Mahabubabad - CIVIL",CMR Technical Campus - EEE,Sphoorthy Engineering College - EEE,Kamala Nehru Polytechnic College for Women - CSE-AIML
S0701,Aarav Bhat 0701,904,103,69482,ST,Samskruti College of Engineering and Technology - CSE-AIML,Jayamukhi Institute of Technological Sciences - EEE,Princeton Institute of Engineering and Technology for Women - EEE,Kakatiya Institute of Technology and Science - ECE,Mahathma Gandhi University College of Engineering and Technology - CSE
S0702,Aditya Murthy 0702,963,132,40616,BC-E,"JNTUH University College of Engineering, Manthani - CIVIL","University College of Engineering, Osmania University - ECE",Malla Reddy Engineering College and Management Sciences - CSE,Samskruti College of Engineering and Technology - CIVIL,Guru Nanak Institutions Technical Campus - CIVIL
S0703,Akash Verma 0703,897,102,97947,BC-B,KITS Warangal - ECE,Institute of Aeronautical Engineering - CSE-AIML,"University College of Engineering, Osmania University - ECE",B V Raju Institute of Technology - ECE,Kakatiya Institute of Technology and Science - CSE-AIML
S0704,Akshay Goud 0704,936,139,21132,SC,Sphoorthy Engineering College - CSE,Princeton Institute of Engineering and Technology for Women - CSE-AIML,Balaji Institute of Technology and Science - CIVIL,Institute of Aeronautical Engineering - CSE,Malla Reddy University - EEE
S0705,Ananya Chowdary 0705,893,109,66349,ST,Anurag Engineering College - MECH,MVSR Engineering College - MECH,Sreenidhi Institute of Science and Technology - CSE-AIML,Kakatiya Institute of Technology and Science - EEE,CMR Technical Campus - CSE-AIML
S0706,Anjali Varma 0706,814,68,200480,SC,CMR College of Engineering & Technology - MECH,Vaagdevi Engineering College - ECE,Vasavi College of Engineering - CSE,Malla Reddy Engineering College and Management Sciences - EEE,Nalla Malla Reddy Engineering College - EEE
S0707,Arjun Bhat 0707,932,139,15641,OC,"JNTUH University College of Engineering, Jagtial - EEE",Nalgonda Institute of Technology and Science - ECE,Vardhaman College of Engineering - MECH,"University College of Engineering, Osmania University - EEE",Malla Reddy Engineering College - ECE
S0708,Bhavya Deshmukh 0708,867,101,82799,BC-A,Keshav Memorial Institute of Technology - MECH,Siddhartha Institute of Technology and Sciences - CIVIL,Kakatiya Institute of Technology and Science - EEE,B V Raju Institute of Technology - MECH,CVR College of Engineering - CIVIL
S0709,Charan Yadav 0709,827,116,79180,SC,Kakatiya Institute of Technology and Science - CSE,"University College of Engineering, Rajanna Sircilla - CIVIL",KG Reddy College of Engineering and Technology - EEE,Vardhaman College of Engineering - EEE,National Institute of Technology Warangal - CIVIL
S0710,Chaitanya Iyer 0710,903,160,1188,EWS,Jyothishmathi Institute of Technology and Science - CSE,KITS Warangal - ECE,National Institute of Technology Warangal - MECH,KITS Warangal - MECH,"University College of Engineering, Kakatiya University - EEE"
S0711,Deepak Deshmukh 0711,960,154,5239,OC,Marri Laxman Reddy Institute of Technology and Management - ECE,Vaagdevi Engineering College - EEE,"JNTUH University College of Engineering, Mahabubabad - CSE-AIML",Gokaraju Rangaraju Institute of Engineering and Technology - EEE,"JNTUH University College of Engineering, Manthani - CSE-AIML"
S0712,Divya Iyer 0712,884,119,54890,BC-C,Vasavi College of Engineering - EEE,Nalgonda Institute of Technology and Science - CIVIL,Anurag University - CSE-AIML,Keshav Memorial Institute of Technology - CSE-AIML,CVR College of Engineering - ECE
S0713,Harsha Reddy 0713,902,132,21895,OC,Mahathma Gandhi University College of Engineering and Technology - MECH,Siddhartha Institute of Technology and Sciences - CSE-AIML,"JNTUH University College of Engineering, Hyderabad - EEE",Balaji Institute of Technology and Science - EEE,Gokaraju Rangaraju Institute of Engineering and Technology - CSE-AIML
S0714,Ishita Bhat 0714,936,135,13172,BC-B,Mahathma Gandhi University College of Engineering and Technology - MECH,Vasavi College of Engineering - EEE,CMR Technical Campus - CIVIL,Muffakham Jah College of Engineering and Technology - CSE,"JNTUH University College of Engineering, Manthani - CSE"
S0715,Karthik Nair 0715,853,94,123351,OC,KITS Warangal - EEE,SR University - ECE,Nalla Malla Reddy Engineering College - ECE,Anurag University - MECH,B V Raju Institute of Technology - CSE-AIML
S0716,Keerthana Murthy 0716,880,123,33867,BC-C,Jayamukhi Institute of Technological Sciences - CIVIL,Anurag Engineering College - CIVIL,KITS Warangal - CIVIL,Guru Nanak Institutions Technical Campus - MECH,Balaji Institute of Technology and Science - EEE
S0717,Krishna Reddy 0717,820,92,119681,EWS,Keshav Memorial Institute of Technology - ECE,VNR Vignana Jyothi Institute of Engineering and Technology - MECH,Nalgonda Institute of Technology and Science - EEE,"University College of Engineering, Rajanna Sircilla - MECH",Sreenidhi Institute of Science and Technology - ECE
S0718,Lakshmi Prasad 0718,879,112,99261,BC-B,Nalla Malla Reddy Engineering College - CIVIL,Jayamukhi Institute of Technological Sciences - EEE,Malla Reddy Engineering College - EEE,"JNTUH University College of Engineering, Palair - MECH",National Institute of Technology Warangal - MECH
S0719,Manoj Khan 0719,779,65,236148,BC-E,"JNTUH University College of Engineering, Mahabubabad - CSE",Anurag University - MECH,Nalgonda Institute of Technology and Science - MECH,Vaagdevi Engineering College - CSE-AIML,Chaitanya Bharathi Institute of Technology - CSE-AIML
S0720,Meghana Varma 0720,843,96,141775,OC,Institute of Aeronautical Engineering - ECE,Malla Reddy University - CSE-AIML,Marri Laxman Reddy Institute of Technology and Management - CSE-AIML,CMR Technical Campus - CIVIL,Guru Nanak Institutions Technical Campus - CIVIL
S0721,Nandini Varma 0721,848,102,125872,OC,Guru Nanak Institute of Technology - MECH,Vardhaman College of Engineering - MECH,Sreenidhi Institute of Science and Technology - CIVIL,Muffakham Jah College of Engineering and Technology - EEE,Anurag University - CSE-AIML
S0722,Nikhil Shetty 0722,937,148,6269,OC,Samskruti College of Engineering and Technology - CSE-AIML,Marri Laxman Reddy Institute of Technology and Management - ECE,"University College of Engineering, Osmania University - CIVIL",Mahathma Gandhi University College of Engineering and Technology - ECE,Sreenidhi Institute of Science and Technology - CIVIL
S0723,Pooja Sharma 0723,931,147,9447,ST,Sphoorthy Engineering College - MECH,CMR College of Engineering & Technology - CIVIL,"JNTUH University College of Engineering, Sultanpur - CIVIL",Guru Nanak Institute of Technology - CSE-AIML,Keshav Memorial Institute of Technology - CSE
S0724,Pranav Naidu 0724,844,95,129103,OC,CVR College of Engineering - CIVIL,"University College of Engineering, Osmania University - CIVIL",MVSR Engineering College - MECH,Malla Reddy Engineering College - EEE,Keshav Memorial Institute of Technology - ECE
S0725,Priya Shetty 0725,909,126,28203,ST,B V Raju Institute of Technology - EEE,Nalla Malla Reddy Engineering College - MECH,"JNTUH University College of Engineering, Manthani - CSE-AIML",Siddhartha Institute of Technology and Sciences - CSE-AIML,"University College of Engineering, Rajanna Sircilla - MECH"
S0726,Rahul Patel 0726,832,102,97255,OC,Princeton Institute of Engineering and Technology for Women - CSE,CMR Institute of Technology - MECH,Keshav Memorial Institute of Technology - CIVIL,"JNTUH University College of Engineering, Jagtial - MECH",Kakatiya Institute of Technology and Science - CSE
S0727,Rakesh Bhat 0727,866,114,80321,BC-B,Chaitanya Bharathi Institute of Technology - MECH,Jyothishmathi Institute of Technology and Science - MECH,Mahathma Gandhi University College of Engineering and Technology - EEE,Samskruti College of Engineering and Technology - CSE,Sphoorthy Engineering College - CSE-AIML
S0728,Riya Iyer 0728,972,143,2536,BC-D,CMR College of Engineering & Technology - CIVIL,"JNTUH University College of Engineering, Hyderabad - MECH",National Institute of Technology Warangal - EEE,Maturi Venkata Subba Rao Engineering College - MECH,Gokaraju Rangaraju Institute of Engineering and Technology - CIVIL
S0729,Rohit Reddy 0729,895,96,109748,OC,Sreenidhi Institute of Science and Technology - CIVIL,Anurag University - CSE,Jyothishmathi Institute of Technology and Science - CIVIL,Sphoorthy Engineering College - CIVIL,Gokaraju Rangaraju Institute of Engineering and Technology - CSE
S0730,Sai Yadav 0730,896,106,98485,OC,Samskruti College of Engineering and Technology - CIVIL,Sreenidhi Institute of Science and Technology - ECE,CMR Technical Campus - CSE-AIML,MVSR Engineering College - CSE,Institute of Aeronautical Engineering - EEE
S0731,Sanjana Prasad 0731,847,133,31748,BC-E,Sreenidhi Institute of Science and Technology - CSE,MLR Institute of Technology - MECH,Siddhartha Institute of Technology and Sciences - CSE,SR University - EEE,MLR Institute of Technology - CIVIL
S0732,Sanjay Chowdary 0732,986,154,1564,OC,Malla Reddy Engineering College - CSE-AIML,MLR Institute of Technology - CIVIL,"University College of Engineering, Rajanna Sircilla - CSE-AIML",Muffakham Jah College of Engineering and Technology - CSE,Mahatma Gandhi Institute of Technology - CIVIL
S0733,Sathvik Yadav 0733,878,111,68936,OC,Anurag Engineering College - ECE,Mahathma Gandhi University College of Engineering and Technology - CIVIL,"University College of Engineering, Rajanna Sircilla - EEE",Kakatiya Institute of Technology and Science - CIVIL,"JNTUH University College of Engineering, Wanaparthy - CSE-AIML"
S0734,Shreya Kumar 0734,855,118,62741,BC-D,Jayamukhi Institute of Technological Sciences - ECE,MLR Institute of Technology - EEE,CMR College of Engineering & Technology - CIVIL,CVR College of Engineering - CIVIL,Keshav Memorial Institute of Technology - CIVIL
S0735,Siddharth Patel 0735,833,92,145108,OC,Sphoorthy Engineering College - ECE,"JNTUH University College of Engineering, Hyderabad - CSE",Maturi Venkata Subba Rao Engineering College - CSE,MVSR Engineering College - EEE,CMR Technical Campus - MECH
S0736,Sneha Khan 0736,933,126,40148,BC-A,Anurag University - ECE,Institute of Aeronautical Engineering - MECH,"University College of Engineering, Rajanna Sircilla - CIVIL",KITS Warangal - MECH,Malla Reddy Engineering College and Management Sciences - MECH
S0737,Srinivas Yadav 0737,920,134,24794,OC,Mahatma Gandhi Institute of Technology - EEE,Malla Reddy University - EEE,Keshav Memorial Institute of Technology - EEE,Vaagdevi Engineering College - CSE,CVR College of Engineering - CIVIL
S0738,Srujana Kumar 0738,844,102,108973,BC-B,Siddhartha Institute of Technology and Sciences - CSE,KITS Warangal - EEE,"JNTUH University College of Engineering, Jagtial - CSE",Maturi Venkata Subba Rao Engineering College - CSE,"JNTUH University College of Engineering, Palair - EEE"
S0739,Teja Deshmukh 0739,833,94,115409,SC,Malla Reddy Engineering College and Management Sciences - CSE-AIML,Sreenidhi Institute of Science and Technology - ECE,CMR Institute of Technology - MECH,VNR Vignana Jyothi Institute of Engineering and Technology - EEE,Samskruti College of Engineering and Technology - CSE-AIML
S0740,Varun Varma 0740,894,132,41181,OC,SR University - ECE,VNR Vignana Jyothi Institute of Engineering and Technology - EEE,Vasavi College of Engineering - EEE,MLR Institute of Technology - CSE-AIML,Balaji Institute of Technology and Science - CSE
S0741,Vamshi Varma 0741,855,113,95755,BC-A,Guru Nanak Institute of Technology - MECH,VNR Vignana Jyothi Institute of Engineering and Technology - CSE,Anurag Engineering College - MECH,Princeton Institute of Engineering and Technology for Women - CSE-AIML,CMR Technical Campus - ECE
S0742,Vishal Nair 0742,904,138,14845,EWS,Malla Reddy Engineering College and Management Sciences - MECH,Maturi Venkata Subba Rao Engineering College - CSE-AIML,"University College of Engineering, Rajanna Sircilla - EEE",Chaitanya Bharathi Institute of Technology - EEE,Balaji Institute of Technology and Science - MECH
S0743,Yash Nair 0743,820,87,96869,BC-A,"JNTUH University College of Engineering, Palair - ECE",Maturi Venkata Subba Rao Engineering College - MECH,"University College of Engineering, Rajanna Sircilla - EEE",Balaji Institute of Technology and Science - CIVIL,B V Raju Institute of Technology - CIVIL
S0744,Anusha Goud 0744,915,137,8710,BC-A,CMR College of Engineering & Technology - ECE,B V Raju Institute of Technology - CSE,"JNTUH University College of Engineering, Sultanpur - CIVIL",Jyothishmathi Institute of Technology and Science - MECH,"JNTUH University College of Engineering, Hyderabad - ECE"
S0745,Bhargav Khan 0745,937,146,13913,ST,SR University - ECE,Anurag University - CSE-AIML,"JNTUH University College of Engineering, Wanaparthy - CSE",Vaagdevi Engineering College - CSE-AIML,Samskruti College of Engineering and Technology - MECH
S0746,Hemanth Murthy 0746,828,111,58336,SC,CMR Institute of Technology - EEE,"University College of Engineering, Kakatiya University - CSE-AIML",Institute of Aeronautical Engineering - CSE,Balaji Institute of Technology and Science - CSE,"JNTUH University College of Engineering, Palair - ECE"
S0747,Mounika Singh 0747,838,108,93247,SC,CMR College of Engineering & Technology - CSE-AIML,KG Reddy College of Engineering and Technology - EEE,Jyothishmathi Institute of Technology and Science - EEE,Mahatma Gandhi Institute of Technology - MECH,Siddhartha Institute of Technology and Sciences - ECE
S0748,Navya Sharma 0748,932,101,78306,BC-D,CMR College of Engineering & Technology - MECH,"JNTUH University College of Engineering, Wanaparthy - CSE",Samskruti College of Engineering and Technology - CIVIL,Malla Reddy Engineering College - CSE-AIML,"University College of Engineering, Rajanna Sircilla - CSE-AIML"
S0749,Pavan Prasad 0749,873,107,99555,OC,Muffakham Jah College of Engineering and Technology - CIVIL,KITS Warangal - ECE,CMR Institute of Technology - EEE,Kamala Nehru Polytechnic College for Women - CSE-AIML,KG Reddy College of Engineering and Technology - CIVIL
S0750,Swathi Verma 0750,891,93,133723,SC,"JNTUH University College of Engineering, Jagtial - ECE",Muffakham Jah College of Engineering and Technology - MECH,Siddhartha Institute of Technology and Sciences - ECE,VNR Vignana Jyothi Institute of Engineering and Technology - CIVIL,Chaitanya Bharathi Institute of Technology - EEE
S0751,Aarav Verma 0751,937,132,28104,EWS,CMR Institute of Technology - ECE,Maturi Venkata Subba Rao Engineering College - CIVIL,B V Raju Institute of Technology - EEE,Malla Reddy Engineering College - ECE,CMR College of Engineering & Technology - MECH
S0752,Aditya Singh 0752,890,102,94192,SC,Nalla Malla Reddy Engineering College - CIVIL,Chaitanya Bharathi Institute of Technology - ECE,"JNTUH University College of Engineering, Hyderabad - ECE",Marri Laxman Reddy Institute of Technology and Management - CSE-AIML,Vardhaman College of Engineering - CIVIL
S0753,Akash Iyer 0753,870,100,117130,OC,MVSR Engineering College - CSE-AIML,Chaitanya Bharathi Institute of Technology - ECE,KITS Warangal - MECH,KITS Warangal - CSE,"University College of Engineering, Kakatiya University - ECE"
S0754,Akshay Deshmukh 0754,900,124,26256,SC,CMR Institute of Technology - CSE,Malla Reddy University - CSE-AIML,B V Raju Institute of Technology - CSE-AIML,Mahathma Gandhi University College of Engineering and Technology - ECE,"JNTUH University College of Engineering, Jagtial - ECE"
S0755,Ananya Prasad 0755,916,133,29445,OC,"JNTUH University College of Engineering, Jagtial - CSE-AIML",CMR Institute of Technology - MECH,Balaji Institute of Technology and Science - CSE-AIML,Vardhaman College of Engineering - MECH,"University College of Engineering, Kakatiya University - CIVIL"
S0756,Anjali Patel 0756,985,147,5576,SC,"JNTUH University College of Engineering, Jagtial - CSE-AIML","JNTUH University College of Engineering, Mahabubabad - CIVIL",National Institute of Technology Warangal - CIVIL,Anurag University - EEE,"JNTUH University College of Engineering, Jagtial - CSE"
S0757,Arjun Sharma 0757,875,118,86622,SC,Balaji Institute of Technology and Science - ECE,Malla Reddy University - CSE-AIML,Muffakham Jah College of Engineering and Technology - CSE-AIML,MVSR Engineering College - EEE,Princeton Institute of Engineering and Technology for Women - CSE-AIML
S0758,Bhavya Murthy 0758,848,86,109172,BC-C,Marri Laxman Reddy Institute of Technology and Management - EEE,Princeton Institute of Engineering and Technology for Women - ECE,Marri Laxman Reddy Institute of Technology and Management - MECH,Nalla Malla Reddy Engineering College - EEE,Kakatiya Institute of Technology and Science - CSE
S0759,Charan Nair 0759,798,66,249672,BC-D,Jayamukhi Institute of Technological Sciences - CSE-AIML,CMR Institute of Technology - CSE,Vasavi College of Engineering - CIVIL,KITS Warangal - MECH,Guru Nanak Institute of Technology - ECE
S0760,Chaitanya Kumar 0760,843,65,229048,OC,Nalgonda Institute of Technology and Science - MECH,Guru Nanak Institutions Technical Campus - CIVIL,"JNTUH University College of Engineering, Jagtial - CIVIL","JNTUH University College of Engineering, Wanaparthy - CIVIL",Maturi Venkata Subba Rao Engineering College - CIVIL
S0761,Deepak Singh 0761,869,129,38800,BC-A,Muffakham Jah College of Engineering and Technology - EEE,"JNTUH University College of Engineering, Sultanpur - CSE-AIML","JNTUH University College of Engineering, Manthani - CSE",B V Raju Institute of Technology - ECE,Sreenidhi Institute of Science and Technology - CSE-AIML
S0762,Divya Goud 0762,861,80,209910,BC-A,CMR College of Engineering & Technology - EEE,"JNTUH University College of Engineering, Manthani - CSE",VNR Vignana Jyothi Institute of Engineering and Technology - MECH,"JNTUH University College of Engineering, Hyderabad - ECE",Siddhartha Institute of Technology and Sciences - CSE-AIML
S0763,Harsha Iyer 0763,832,80,143544,ST,Gokaraju Rangaraju Institute of Engineering and Technology - CSE-AIML,KG Reddy College of Engineering and Technology - EEE,Marri Laxman Reddy Institute of Technology and Management - MECH,CVR College of Engineering - CSE,Jyothishmathi Institute of Technology and Science - CSE
S0764,Ishita Yadav 0764,955,160,1717,BC-D,MVSR Engineering College - CIVIL,Vaagdevi Engineering College - MECH,Chaitanya Bharathi Institute of Technology - EEE,"JNTUH University College of Engineering, Sultanpur - ECE",Kamala Nehru Polytechnic College for Women - MECH
S0765,Karthik Yadav 0765,908,132,21268,OC,CVR College of Engineering - MECH,"JNTUH University College of Engineering, Manthani - ECE",CMR Institute of Technology - CSE-AIML,Vaagdevi Engineering College - MECH,CMR Technical Campus - CIVIL
S0766,Keerthana Bhat 0766,874,106,83000,BC-B,CVR College of Engineering - CIVIL,MLR Institute of Technology - ECE,MLR Institute of Technology - EEE,Siddhartha Institute of Technology and Sciences - CIVIL,"JNTUH University College of Engineering, Hyderabad - CIVIL"
S0767,Krishna Prasad 0767,877,106,75234,OC,Sphoorthy Engineering College - CSE,VNR Vignana Jyothi Institute of Engineering and Technology - ECE,Nalla Malla Reddy Engineering College - CSE,Vaagdevi Engineering College - CSE,Anurag University - CIVIL
S0768,Lakshmi Goud 0768,950,129,8497,SC,KITS Warangal - MECH,"University College of Engineering, Rajanna Sircilla - CSE","JNTUH University College of Engineering, Palair - ECE",KITS Warangal - CIVIL,"JNTUH University College of Engineering, Palair - CIVIL"
S0769,Manoj Shetty 0769,907,131,23112,BC-A,MLR Institute of Technology - CSE,Institute of Aeronautical Engineering - ECE,Jayamukhi Institute of Technological Sciences - MECH,Vasavi College of Engineering - CSE,Kakatiya Institute of Technology and Science - EEE
S0770,Meghana Prasad 0770,819,86,124405,SC,Kakatiya Institute of Technology and Science - CSE,Anurag University - MECH,SR University - MECH,Chaitanya Bharathi Institute of Technology - EEE,"JNTUH University College of Engineering, Palair - EEE"
S0771,Nandini Singh 0771,848,93,92041,BC-B,Keshav Memorial Institute of Technology - ECE,Maturi Venkata Subba Rao Engineering College - CIVIL,CMR Institute of Technology - CIVIL,Sreenidhi Institute of Science and Technology - CSE-AIML,Samskruti College of Engineering and Technology - CIVIL
S0772,Nikhil Murthy 0772,887,139,27855,BC-D,Keshav Memorial Institute of Technology - CSE-AIML,KG Reddy College of Engineering and Technology - CSE,Jyothishmathi Institute of Technology and Science - MECH,Sreenidhi Institute of Science and Technology - MECH,Institute of Aeronautical Engineering - CIVIL
S0773,Pooja Goud 0773,917,159,3195,SC,Kakatiya Institute of Technology and Science - ECE,"JNTUH University College of Engineering, Sultanpur - MECH",Malla Reddy Engineering College and Management Sciences - MECH,"University College of Engineering, Osmania University - EEE",Malla Reddy University - EEE
S0774,Pranav Deshmukh 0774,845,89,154532,EWS,Malla Reddy Engineering College and Management Sciences - ECE,"JNTUH University College of Engineering, Palair - CSE",Siddhartha Institute of Technology and Sciences - CSE,"JNTUH University College of Engineering, Hyderabad - EEE",CMR College of Engineering & Technology - ECE
S0775,Priya Goud 0775,897,110,58782,OC,"JNTUH University College of Engineering, Mahabubabad - CSE","JNTUH University College of Engineering, Palair - CSE",Vaagdevi Engineering College - ECE,Malla Reddy Engineering College and Management Sciences - ECE,Anurag University - EEE
S0776,Rahul Chowdary 0776,878,145,17978,OC,"JNTUH University College of Engineering, Sultanpur - CSE-AIML",CMR College of Engineering & Technology - ECE,MLR Institute of Technology - CSE-AIML,CMR Institute of Technology - CSE,Guru Nanak Institute of Technology - ECE
S0777,Rakesh Murthy 0777,823,99,113655,SC,Kamala Nehru Polytechnic College for Women - CSE-AIML,Sreenidhi Institute of Science and Technology - CIVIL,VNR Vignana Jyothi Institute of Engineering and Technology - EEE,Nalla Malla Reddy Engineering College - CSE-AIML,CVR College of Engineering - ECE
S0778,Riya Murthy 0778,840,72,206837,OC,"University College of Engineering, Rajanna Sircilla - CIVIL",Keshav Memorial Institute of Technology - CIVIL,Guru Nanak Institute of Technology - MECH,Anurag University - MECH,Siddhartha Institute of Technology and Sciences - CSE-AIML
S0779,Rohit Patel 0779,881,101,86502,OC,CMR College of Engineering & Technology - EEE,Samskruti College of Engineering and Technology - CSE,CVR College of Engineering - CIVIL,Institute of Aeronautical Engineering - MECH,Samskruti College of Engineering and Technology - ECE
S0780,Sai Varma 0780,963,142,13157,OC,"University College of Engineering, Kakatiya University - MECH",Nalgonda Institute of Technology and Science - CIVIL,Balaji Institute of Technology and Science - EEE,Sreenidhi Institute of Science and Technology - EEE,Balaji Institute of Technology and Science - CIVIL
S0781,Sanjana Khan 0781,859,113,63710,SC,Marri Laxman Reddy Institute of Technology and Management - CIVIL,SR University - ECE,Sreenidhi Institute of Science and Technology - CSE,Sphoorthy Engineering College - CSE-AIML,Chaitanya Bharathi Institute of Technology - CSE
S0782,Sanjay Yadav 0782,891,148,3965,EWS,Chaitanya Bharathi Institute of Technology - CSE,Anurag University - ECE,SR University - CSE-AIML,CMR College of Engineering & Technology - CSE,Jyothishmathi Institute of Technology and Science - MECH
S0783,Sathvik Goud 0783,779,78,182233,OC,Nalgonda Institute of Technology and Science - ECE,CVR College of Engineering - EEE,CMR Technical Campus - CSE,"JNTUH University College of Engineering, Wanaparthy - CSE-AIML",Princeton Institute of Engineering and Technology for Women - CIVIL
S0784,Shreya Khan 0784,889,119,65387,OC,"University College of Engineering, Kakatiya University - MECH",Muffakham Jah College of Engineering and Technology - MECH,MLR Institute of Technology - CIVIL,Balaji Institute of Technology and Science - ECE,Kakatiya Institute of Technology and Science - MECH
S0785,Siddharth Khan 0785,904,148,9269,SC,CMR College of Engineering & Technology - CIVIL,Balaji Institute of Technology and Science - ECE,Mahatma Gandhi Institute of Technology - CSE-AIML,"JNTUH University College of Engineering, Hyderabad - EEE",Siddhartha Institute of Technology and Sciences - ECE
S0786,Sneha Nair 0786,840,77,238423,BC-D,Nalgonda Institute of Technology and Science - EEE,Vaagdevi Engineering College - CSE-AIML,National Institute of Technology Warangal - CSE,"JNTUH University College of Engineering, Palair - EEE",Vasavi College of Engineering - ECE
S0787,Srinivas Chowdary 0787,822,78,184071,BC-A,"University College of Engineering, Rajanna Sircilla - CIVIL",Jyothishmathi Institute of Technology and Science - CSE-AIML,Gokaraju Rangaraju Institute of Engineering and Technology - CSE-AIML,Sphoorthy Engineering College - CIVIL,Siddhartha Institute of Technology and Sciences - CSE-AIML
S0788,Srujana Verma 0788,824,65,209078,OC,CVR College of Engineering - CIVIL,KITS Warangal - CIVIL,Vasavi College of Engineering - CSE-AIML,Vasavi College of Engineering - MECH,VNR Vignana Jyothi Institute of Engineering and Technology - CIVIL
S0789,Teja Deshmukh 0789,875,103,101576,OC,CMR Technical Campus - CSE,Institute of Aeronautical Engineering - MECH,Anurag University - MECH,"JNTUH University College of Engineering, Jagtial - CSE-AIML",SR University - CSE
S0790,Varun Khan 0790,899,98,79638,EWS,Balaji Institute of Technology and Science - CSE-AIML,Anurag Engineering College - ECE,Malla Reddy University - CSE,Chaitanya Bharathi Institute of Technology - EEE,Nalla Malla Reddy Engineering College - CIVIL
S0791,Vamshi Patel 0791,843,84,141075,ST,Chaitanya Bharathi Institute of Technology - CIVIL,"JNTUH University College of Engineering, Hyderabad - CSE",Malla Reddy Engineering College and Management Sciences - CSE-AIML,"JNTUH University College of Engineering, Mahabubabad - EEE",Guru Nanak Institute of Technology - ECE
S0792,Vishal Varma 0792,890,121,66541,OC,"JNTUH University College of Engineering, Palair - CSE-AIML",Nalgonda Institute of Technology and Science - MECH,Vardhaman College of Engineering - MECH,Vasavi College of Engineering - ECE,Jyothishmathi Institute of Technology and Science - ECE
S0793,Yash Reddy 0793,758,80,230829,EWS,MLR Institute of Technology - ECE,CMR College of Engineering & Technology - CIVIL,Gokaraju Rangaraju Institute of Engineering and Technology - CIVIL,Sreenidhi Institute of Science and Technology - MECH,Maturi Venkata Subba Rao Engineering College - CIVIL
S0794,Anusha Patel 0794,870,128,41628,BC-B,Malla Reddy Engineering College - CIVIL,CMR College of Engineering & Technology - EEE,"JNTUH University College of Engineering, Hyderabad - MECH",Guru Nanak Institutions Technical Campus - CSE,Mahathma Gandhi University College of Engineering and Technology - CSE
S0795,Bhargav Reddy 0795,908,124,44311,BC-B,"JNTUH University College of Engineering, Mahabubabad - ECE",Institute of Aeronautical Engineering - MECH,Kakatiya Institute of Technology and Science - CSE-AIML,Kakatiya Institute of Technology and Science - ECE,"JNTUH University College of Engineering, Mahabubabad - CSE-AIML"
S0796,Hemanth Prasad 0796,883,111,67479,EWS,KITS Warangal - CSE-AIML,"University College of Engineering, Kakatiya University - ECE",CMR Technical Campus - MECH,Maturi Venkata Subba Rao Engineering College - MECH,Princeton Institute of Engineering and Technology for Women - CSE
S0797,Mounika Goud 0797,795,70,231093,BC-B,Vaagdevi Engineering College - MECH,Sreenidhi Institute of Science and Technology - CIVIL,"JNTUH University College of Engineering, Palair - CSE","JNTUH University College of Engineering, Jagtial - CSE-AIML",CMR Technical Campus - CIVIL
S0798,Navya Bhat 0798,914,142,11986,SC,Malla Reddy Engineering College and Management Sciences - EEE,"JNTUH University College of Engineering, Mahabubabad - CSE",Vasavi College of Engineering - CIVIL,Malla Reddy Engineering College - CIVIL,"JNTUH University College of Engineering, Mahabubabad - CSE-AIML"
S0799,Pavan Singh 0799,873,102,108166,SC,MLR Institute of Technology - MECH,Institute of Aeronautical Engineering - CSE,Sphoorthy Engineering College - CSE,Malla Reddy University - CSE-AIML,Malla Reddy Engineering College and Management Sciences - CIVIL
S0800,Swathi Iyer 0800,843,84,146189,BC-D,Princeton Institute of Engineering and Technology for Women - CSE-AIML,Vardhaman College of Engineering - CIVIL,Princeton Institute of Engineering and Technology for Women - CIVIL,Kamala Nehru Polytechnic College for Women - CIVIL,Balaji Institute of Technology and Science - ECE
S0801,Aarav Reddy 0801,850,104,101084,SC,"JNTUH University College of Engineering, Wanaparthy - MECH","JNTUH University College of Engineering, Mahabubabad - CIVIL",MLR Institute of Technology - EEE,KG Reddy College of Engineering and Technology - EEE,Guru Nanak Institute of Technology - ECE
S0802,Aditya Nair 0802,874,70,184190,OC,Maturi Venkata Subba Rao Engineering College - EEE,Nalgonda Institute of Technology and Science - CSE-AIML,Marri Laxman Reddy Institute of Technology and Management - CSE-AIML,SR University - MECH,Kakatiya Institute of Technology and Science - ECE
S0803,Akash Rao 0803,797,57,232827,OC,CMR College of Engineering & Technology - CIVIL,CMR College of Engineering & Technology - ECE,KITS Warangal - EEE,Anurag Engineering College - EEE,Maturi Venkata Subba Rao Engineering College - ECE
S0804,Akshay Reddy 0804,803,87,186392,OC,"JNTUH University College of Engineering, Hyderabad - EEE",Sphoorthy Engineering College - ECE,Vardhaman College of Engineering - CSE,SR University - MECH,"JNTUH University College of Engineering, Manthani - ECE"
S0805,Ananya Rao 0805,920,140,53033,OC,CVR College of Engineering - CIVIL,Princeton Institute of Engineering and Technology for Women - MECH,MVSR Engineering College - CIVIL,"JNTUH University College of Engineering, Palair - CSE-AIML",Anurag University - CSE
S0806,Anjali Sharma 0806,842,107,89711,BC-E,Vaagdevi Engineering College - MECH,Malla Reddy Engineering College - ECE,"University College of Engineering, Kakatiya University - CSE",MVSR Engineering College - CIVIL,"University College of Engineering, Rajanna Sircilla - ECE"
S0807,Arjun Shetty 0807,884,126,38107,ST,CMR Institute of Technology - ECE,Balaji Institute of Technology and Science - MECH,MVSR Engineering College - CSE-AIML,Jayamukhi Institute of Technological Sciences - CIVIL,National Institute of Technology Warangal - ECE
S0808,Bhavya Singh 0808,863,108,111862,BC-A,"JNTUH University College of Engineering, Palair - EEE",National Institute of Technology Warangal - MECH,Kakatiya Institute of Technology and Science - CSE-AIML,KITS Warangal - ECE,"JNTUH University College of Engineering, Wanaparthy - CSE-AIML"
S0809,Charan Chowdary 0809,914,100,80021,SC,Kakatiya Institute of Technology and Science - EEE,Princeton Institute of Engineering and Technology for Women - CSE,Nalla Malla Reddy Engineering College - MECH,Keshav Memorial Institute of Technology - CSE-AIML,Balaji Institute of Technology and Science - CSE-AIML
S0810,Chaitanya Murthy 0810,874,106,58822,SC,Malla Reddy Engineering College and Management Sciences - MECH,Princeton Institute of Engineering and Technology for Women - CSE-AIML,Nalla Malla Reddy Engineering College - CIVIL,"University College of Engineering, Kakatiya University - CSE-AIML",KITS Warangal - EEE
S0811,Deepak Goud 0811,857,135,30480,OC,Malla Reddy Engineering College and Management Sciences - CSE-AIML,KITS Warangal - EEE,Marri Laxman Reddy Institute of Technology and Management - CSE,Guru Nanak Institutions Technical Campus - EEE,Institute of Aeronautical Engineering - CSE
S0812,Divya Varma 0812,872,102,136754,OC,Institute of Aeronautical Engineering - ECE,Nalgonda Institute of Technology and Science - ECE,Marri Laxman Reddy Institute of Technology and Management - ECE,Vaagdevi Engineering College - ECE,Jyothishmathi Institute of Technology and Science - MECH
S0813,Harsha Patel 0813,815,80,202129,OC,"JNTUH University College of Engineering, Palair - ECE","University College of Engineering, Kakatiya University - CSE-AIML",B V Raju Institute of Technology - EEE,Siddhartha Institute of Technology and Sciences - CSE-AIML,Marri Laxman Reddy Institute of Technology and Management - CIVIL
S0814,Ishita Khan 0814,850,80,175992,SC,CMR Technical Campus - ECE,Princeton Institute of Engineering and Technology for Women - CSE,"JNTUH University College of Engineering, Palair - ECE",Mahatma Gandhi Institute of Technology - MECH,Maturi Venkata Subba Rao Engineering College - CIVIL
S0815,Karthik Goud 0815,860,107,126441,OC,B V Raju Institute of Technology - MECH,Vasavi College of Engineering - MECH,Sreenidhi Institute of Science and Technology - MECH,Mahathma Gandhi University College of Engineering and Technology - CIVIL,Nalgonda Institute of Technology and Science - CIVIL
S0816,Keerthana Chowdary 0816,927,118,47345,BC-A,Anurag Engineering College - MECH,Kamala Nehru Polytechnic College for Women - CIVIL,"University College of Engineering, Rajanna Sircilla - ECE",Nalgonda Institute of Technology and Science - MECH,Mahathma Gandhi University College of Engineering and Technology - ECE
S0817,Krishna Deshmukh 0817,921,133,23237,OC,"JNTUH University College of Engineering, Palair - EEE",Marri Laxman Reddy Institute of Technology and Management - CIVIL,Nalgonda Institute of Technology and Science - EEE,VNR Vignana Jyothi Institute of Engineering and Technology - CSE-AIML,CMR College of Engineering & Technology - ECE
S0818,Lakshmi Rao 0818,856,123,37962,BC-A,Princeton Institute of Engineering and Technology for Women - CSE,KG Reddy College of Engineering and Technology - CIVIL,SR University - EEE,MVSR Engineering College - CIVIL,Malla Reddy Engineering College and Management Sciences - CSE-AIML
S0819,Manoj Reddy 0819,895,115,43275,OC,Malla Reddy University - CIVIL,Gokaraju Rangaraju Institute of Engineering and Technology - ECE,Kakatiya Institute of Technology and Science - CSE-AIML,Malla Reddy University - CSE-AIML,CVR College of Engineering - MECH
S0820,Meghana Murthy 0820,902,103,94799,OC,Malla Reddy Engineering College and Management Sciences - EEE,CMR Institute of Technology - MECH,Vaagdevi Engineering College - MECH,VNR Vignana Jyothi Institute of Engineering and Technology - EEE,Anurag University - EEE
S0821,Nandini Chowdary 0821,990,151,2745,BC-B,CVR College of Engineering - EEE,Chaitanya Bharathi Institute of Technology - CSE,CMR Institute of Technology - CSE-AIML,Malla Reddy Engineering College and Management Sciences - EEE,Malla Reddy Engineering College and Management Sciences - MECH
S0822,Nikhil Murthy 0822,868,88,147514,BC-E,Malla Reddy University - MECH,Anurag Engineering College - CIVIL,Malla Reddy Engineering College and Management Sciences - CSE,"JNTUH University College of Engineering, Manthani - MECH",Samskruti College of Engineering and Technology - MECH
S0823,Pooja Shetty 0823,975,160,403,ST,Malla Reddy University - CSE-AIML,Princeton Institute of Engineering and Technology for Women - MECH,Princeton Institute of Engineering and Technology for Women - CSE-AIML,CMR Technical Campus - ECE,SR University - MECH
S0824,Pranav Nair 0824,886,128,26087,OC,Anurag Engineering College - ECE,Samskruti College of Engineering and Technology - EEE,"JNTUH University College of Engineering, Palair - MECH",Mahatma Gandhi Institute of Technology - MECH,CMR College of Engineering & Technology - ECE
S0825,Priya Murthy 0825,888,104,123422,EWS,Jayamukhi Institute of Technological Sciences - CSE,"JNTUH University College of Engineering, Sultanpur - MECH",Princeton Institute of Engineering and Technology for Women - MECH,Marri Laxman Reddy Institute of Technology and Management - EEE,Mahatma Gandhi Institute of Technology - CSE
S0826,Rahul Varma 0826,850,110,72371,OC,National Institute of Technology Warangal - ECE,B V Raju Institute of Technology - MECH,Guru Nanak Institute of Technology - MECH,Gokaraju Rangaraju Institute of Engineering and Technology - CSE,Muffakham Jah College of Engineering and Technology - CSE
S0827,Rakesh Yadav 0827,904,120,36677,SC,Chaitanya Bharathi Institute of Technology - MECH,B V Raju Institute of Technology - EEE,Siddhartha Institute of Technology and Sciences - CIVIL,Vasavi College of Engineering - ECE,Guru Nanak Institute of Technology - EEE
S0828,Riya Varma 0828,878,108,61235,OC,Jayamukhi Institute of Technological Sciences - ECE,Siddhartha Institute of Technology and Sciences - MECH,CMR College of Engineering & Technology - ECE,Malla Reddy Engineering College - CIVIL,Siddhartha Institute of Technology and Sciences - ECE
S0829,Rohit Singh 0829,942,137,14741,EWS,Keshav Memorial Institute of Technology - EEE,National Institute of Technology Warangal - CIVIL,MVSR Engineering College - ECE,Vaagdevi Engineering College - ECE,"University College of Engineering, Kakatiya University - EEE"
S0830,Sai Shetty 0830,881,104,89941,BC-B,Princeton Institute of Engineering and Technology for Women - CSE-AIML,"JNTUH University College of Engineering, Mahabubabad - CIVIL",Vaagdevi Engineering College - CSE-AIML,Sphoorthy Engineering College - CSE-AIML,"University College of Engineering, Rajanna Sircilla - CSE-AIML"
S0831,Sanjana Varma 0831,945,113,77776,OC,Guru Nanak Institute of Technology - EEE,"JNTUH University College of Engineering, Jagtial - MECH",Samskruti College of Engineering and Technology - CSE,Balaji Institute of Technology and Science - CSE,KG Reddy College of Engineering and Technology - CSE-AIML
S0832,Sanjay Iyer 0832,990,152,3286,ST,National Institute of Technology Warangal - ECE,Kamala Nehru Polytechnic College for Women - MECH,Samskruti College of Engineering and Technology - CSE-AIML,"JNTUH University College of Engineering, Mahabubabad - EEE","JNTUH University College of Engineering, Palair - ECE"
S0833,Sathvik Goud 0833,872,118,77196,BC-A,CVR College of Engineering - CIVIL,"JNTUH University College of Engineering, Wanaparthy - CSE-AIML",Siddhartha Institute of Technology and Sciences - CSE-AIML,"University College of Engineering, Osmania University - EEE","University College of Engineering, Kakatiya University - CSE"
S0834,Shreya Murthy 0834,855,100,96899,BC-C,Anurag University - MECH,"JNTUH University College of Engineering, Mahabubabad - CIVIL",Institute of Aeronautical Engineering - ECE,Muffakham Jah College of Engineering and Technology - CSE,"JNTUH University College of Engineering, Jagtial - ECE"
S0835,Siddharth Deshmukh 0835,797,87,171357,EWS,Samskruti College of Engineering and Technology - CSE,CMR College of Engineering & Technology - CIVIL,Chaitanya Bharathi Institute of Technology - CSE-AIML,Sreenidhi Institute of Science and Technology - ECE,Nalgonda Institute of Technology and Science - CSE-AIML
S0836,Sneha Khan 0836,883,105,94156,OC,Jayamukhi Institute of Technological Sciences - CIVIL,Keshav Memorial Institute of Technology - ECE,Guru Nanak Institute of Technology - ECE,Anurag University - ECE,Chaitanya Bharathi Institute of Technology - EEE
S0837,Srinivas Bhat 0837,807,102,115813,BC-D,"JNTUH University College of Engineering, Palair - MECH",Princeton Institute of Engineering and Technology for Women - MECH,Princeton Institute of Engineering and Technology for Women - CSE-AIML,"University College of Engineering, Kakatiya University - MECH",Malla Reddy Engineering College and Management Sciences - ECE
S0838,Srujana Reddy 0838,882,131,20730,BC-D,Malla Reddy Engineering College and Management Sciences - MECH,Malla Reddy Engineering College and Management Sciences - CSE,CMR College of Engineering & Technology - CIVIL,Kakatiya Institute of Technology and Science - CIVIL,"JNTUH University College of Engineering, Palair - MECH"
S0839,Teja Deshmukh 0839,947,156,4517,SC,Vaagdevi Engineering College - MECH,Anurag University - CSE,Maturi Venkata Subba Rao Engineering College - CIVIL,"JNTUH University College of Engineering, Jagtial - EEE",B V Raju Institute of Technology - EEE
S0840,Varun Kumar 0840,815,65,219320,EWS,Guru Nanak Institutions Technical Campus - CIVIL,Nalla Malla Reddy Engineering College - MECH,KG Reddy College of Engineering and Technology - ECE,KG Reddy College of Engineering and Technology - CSE,Gokaraju Rangaraju Institute of Engineering and Technology - ECE
S0841,Vamshi Varma 0841,902,147,27994,BC-D,Muffakham Jah College of Engineering and Technology - EEE,Gokaraju Rangaraju Institute of Engineering and Technology - CSE-AIML,Malla Reddy Engineering College and Management Sciences - ECE,Guru Nanak Institute of Technology - CSE-AIML,"JNTUH University College of Engineering, Wanaparthy - MECH"
S0842,Vishal Khan 0842,896,103,68540,SC,Guru Nanak Institutions Technical Campus - ECE,Maturi Venkata Subba Rao Engineering College - CSE,Muffakham Jah College of Engineering and Technology - MECH,Vasavi College of Engineering - CSE,"University College of Engineering, Kakatiya University - CSE"
S0843,Yash Reddy 0843,841,94,116583,BC-E,Marri Laxman Reddy Institute of Technology and Management - EEE,CMR College of Engineering & Technology - MECH,"University College of Engineering, Osmania University - EEE",Keshav Memorial Institute of Technology - MECH,"University College of Engineering, Kakatiya University - CIVIL"
S0844,Anusha Verma 0844,922,116,59049,SC,B V Raju Institute of Technology - CSE,Anurag University - CIVIL,Vaagdevi Engineering College - CIVIL,Marri Laxman Reddy Institute of Technology and Management - CSE,"JNTUH University College of Engineering, Jagtial - MECH"
S0845,Bhargav Prasad 0845,918,139,33824,OC,"JNTUH University College of Engineering, Sultanpur - MECH",National Institute of Technology Warangal - EEE,Balaji Institute of Technology and Science - EEE,Muffakham Jah College of Engineering and Technology - CSE-AIML,CMR Technical Campus - MECH
S0846,Hemanth Yadav 0846,828,101,146292,BC-D,Anurag University - EEE,"JNTUH University College of Engineering, Manthani - CSE",SR University - CSE-AIML,Keshav Memorial Institute of Technology - EEE,Kamala Nehru Polytechnic College for Women - MECH
S0847,Mounika Deshmukh 0847,936,147,1896,OC,Guru Nanak Institute of Technology - EEE,"University College of Engineering, Kakatiya University - CIVIL","JNTUH University College of Engineering, Mahabubabad - ECE",Malla Reddy Engineering College - ECE,KITS Warangal - CSE-AIML
S0848,Navya Goud 0848,849,76,238837,BC-B,National Institute of Technology Warangal - EEE,"JNTUH University College of Engineering, Jagtial - CSE","JNTUH University College of Engineering, Palair - MECH",CMR Institute of Technology - CSE,Vaagdevi Engineering College - CSE
S0849,Pavan Deshmukh 0849,873,106,60657,OC,Balaji Institute of Technology and Science - EEE,Kakatiya Institute of Technology and Science - CSE,Nalla Malla Reddy Engineering College - ECE,Muffakham Jah College of Engineering and Technology - ECE,Anurag Engineering College - EEE
S0850,Swathi Goud 0850,775,88,205010,EWS,VNR Vignana Jyothi Institute of Engineering and Technology - MECH,"JNTUH University College of Engineering, Manthani - ECE","JNTUH University College of Engineering, Manthani - CSE",MLR Institute of Technology - ECE,Guru Nanak Institutions Technical Campus - MECH
S0851,Aarav Patel 0851,954,140,10102,BC-C,Anurag Engineering College - EEE,Nalla Malla Reddy Engineering College - CIVIL,B V Raju Institute of Technology - ECE,Jyothishmathi Institute of Technology and Science - CSE-AIML,Vaagdevi Engineering College - CIVIL
S0852,Aditya Singh 0852,887,130,38852,BC-A,Nalla Malla Reddy Engineering College - CSE,National Institute of Technology Warangal - ECE,Kakatiya Institute of Technology and Science - CSE-AIML,Mahathma Gandhi University College of Engineering and Technology - ECE,Maturi Venkata Subba Rao Engineering College - CSE
S0853,Akash Goud 0853,983,138,19363,OC,Kamala Nehru Polytechnic College for Women - CSE,CMR Technical Campus - CIVIL,"JNTUH University College of Engineering, Manthani - ECE",Samskruti College of Engineering and Technology - CIVIL,MLR Institute of Technology - CSE
S0854,Akshay Rao 0854,789,60,243445,BC-A,"University College of Engineering, Osmania University - MECH","JNTUH University College of Engineering, Manthani - MECH","JNTUH University College of Engineering, Palair - CSE","JNTUH University College of Engineering, Manthani - CSE",Kamala Nehru Polytechnic College for Women - CSE
S0855,Ananya Khan 0855,873,129,32754,SC,Malla Reddy Engineering College and Management Sciences - CSE,Kamala Nehru Polytechnic College for Women - CSE-AIML,CMR Institute of Technology - CSE-AIML,Maturi Venkata Subba Rao Engineering College - MECH,Gokaraju Rangaraju Institute of Engineering and Technology - CSE
S0856,Anjali Singh 0856,847,120,57780,OC,"University College of Engineering, Kakatiya University - CSE",CMR College of Engineering & Technology - MECH,Nalla Malla Reddy Engineering College - CSE-AIML,Jayamukhi Institute of Technological Sciences - CSE-AIML,Mahatma Gandhi Institute of Technology - MECH
S0857,Arjun Kumar 0857,826,104,72490,BC-D,Siddhartha Institute of Technology and Sciences - EEE,VNR Vignana Jyothi Institute of Engineering and Technology - CSE-AIML,Kamala Nehru Polytechnic College for Women - CSE,"JNTUH University College of Engineering, Wanaparthy - MECH",Vardhaman College of Engineering - CSE-AIML
S0858,Bhavya Reddy 0858,848,86,167940,EWS,National Institute of Technology Warangal - CIVIL,Chaitanya Bharathi Institute of Technology - CIVIL,B V Raju Institute of Technology - CIVIL,Gokaraju Rangaraju Institute of Engineering and Technology - CIVIL,CMR Technical Campus - EEE
S0859,Charan Shetty 0859,888,89,143861,OC,Chaitanya Bharathi Institute of Technology - EEE,Vaagdevi Engineering College - CIVIL,Kamala Nehru Polytechnic College for Women - CSE,Malla Reddy Engineering College and Management Sciences - CSE,"JNTUH University College of Engineering, Hyderabad - CSE"
S0860,Chaitanya Reddy 0860,838,80,161865,BC-B,Keshav Memorial Institute of Technology - CSE,"JNTUH University College of Engineering, Hyderabad - MECH",Mahathma Gandhi University College of Engineering and Technology - CIVIL,Chaitanya Bharathi Institute of Technology - CIVIL,Gokaraju Rangaraju Institute of Engineering and Technology - CSE
S0861,Deepak Singh 0861,930,151,10087,OC,Siddhartha Institute of Technology and Sciences - CSE,"JNTUH University College of Engineering, Sultanpur - CIVIL",Malla Reddy University - CSE,"University College of Engineering, Osmania University - ECE",Guru Nanak Institute of Technology - ECE
S0862,Divya Deshmukh 0862,885,127,27638,SC,Vaagdevi Engineering College - CSE,Sreenidhi Institute of Science and Technology - MECH,Sreenidhi Institute of Science and Technology - EEE,Nalla Malla Reddy Engineering College - MECH,Anurag Engineering College - CSE
S0863,Harsha Prasad 0863,821,54,246849,OC,"University College of Engineering, Osmania University - ECE",Keshav Memorial Institute of Technology - MECH,Balaji Institute of Technology and Science - CSE,"University College of Engineering, Rajanna Sircilla - CSE",Vasavi College of Engineering - ECE
S0864,Ishita Murthy 0864,867,129,42190,BC-B,Malla Reddy Engineering College - CSE-AIML,Jyothishmathi Institute of Technology and Science - CSE,Kakatiya Institute of Technology and Science - CIVIL,Sreenidhi Institute of Science and Technology - CSE-AIML,Guru Nanak Institutions Technical Campus - CSE-AIML
S0865,Karthik Khan 0865,844,95,103996,OC,MLR Institute of Technology - EEE,Sphoorthy Engineering College - CIVIL,"University College of Engineering, Rajanna Sircilla - EEE",SR University - CSE,National Institute of Technology Warangal - CSE
S0866,Keerthana Rao 0866,827,88,154076,BC-D,Mahathma Gandhi University College of Engineering and Technology - EEE,Nalgonda Institute of Technology and Science - MECH,Balaji Institute of Technology and Science - CIVIL,Siddhartha Institute of Technology and Sciences - ECE,Jayamukhi Institute of Technological Sciences - CIVIL
S0867,Krishna Bhat 0867,896,100,88389,OC,CMR Institute of Technology - EEE,Guru Nanak Institutions Technical Campus - EEE,"University College of Engineering, Rajanna Sircilla - EEE",Jyothishmathi Institute of Technology and Science - CSE,CMR Institute of Technology - CSE
S0868,Lakshmi Patel 0868,989,160,441,ST,"JNTUH University College of Engineering, Wanaparthy - MECH",Mahathma Gandhi University College of Engineering and Technology - CSE,Malla Reddy University - CSE,"University College of Engineering, Rajanna Sircilla - MECH",Guru Nanak Institutions Technical Campus - ECE
S0869,Manoj Varma 0869,849,74,212669,OC,"JNTUH University College of Engineering, Sultanpur - CSE",CMR College of Engineering & Technology - MECH,SR University - ECE,Institute of Aeronautical Engineering - CSE,Vardhaman College of Engineering - ECE
S0870,Meghana Chowdary 0870,925,110,91945,BC-D,Nalgonda Institute of Technology and Science - CSE,Chaitanya Bharathi Institute of Technology - ECE,Anurag Engineering College - MECH,Nalgonda Institute of Technology and Science - CIVIL,Kamala Nehru Polytechnic College for Women - MECH
S0871,Nandini Nair 0871,822,77,176101,EWS,Samskruti College of Engineering and Technology - CSE-AIML,VNR Vignana Jyothi Institute of Engineering and Technology - EEE,CMR Technical Campus - CSE-AIML,Institute of Aeronautical Engineering - CSE,KITS Warangal - CSE
S0872,Nikhil Bhat 0872,908,93,108214,BC-B,Malla Reddy Engineering College and Management Sciences - MECH,Princeton Institute of Engineering and Technology for Women - CIVIL,Vaagdevi Engineering College - MECH,CMR Institute of Technology - ECE,VNR Vignana Jyothi Institute of Engineering and Technology - CIVIL
S0873,Pooja Sharma 0873,990,150,3436,SC,Siddhartha Institute of Technology and Sciences - ECE,Institute of Aeronautical Engineering - EEE,Nalgonda Institute of Technology and Science - CSE,Mahatma Gandhi Institute of Technology - EEE,SR University - CSE-AIML
S0874,Pranav Deshmukh 0874,812,72,235089,OC,Guru Nanak Institutions Technical Campus - EEE,"JNTUH University College of Engineering, Wanaparthy - EEE",Jayamukhi Institute of Technological Sciences - EEE,Siddhartha Institute of Technology and Sciences - CIVIL,KITS Warangal - ECE
S0875,Priya Varma 0875,904,110,89941,OC,Mahatma Gandhi Institute of Technology - CSE,Vardhaman College of Engineering - MECH,B V Raju Institute of Technology - CSE,Siddhartha Institute of Technology and Sciences - EEE,Guru Nanak Institute of Technology - CSE
S0876,Rahul Varma 0876,897,119,83896,ST,Nalla Malla Reddy Engineering College - MECH,Sphoorthy Engineering College - MECH,KG Reddy College of Engineering and Technology - EEE,Guru Nanak Institutions Technical Campus - ECE,KITS Warangal - CSE
S0877,Rakesh Kumar 0877,905,104,100924,OC,Muffakham Jah College of Engineering and Technology - ECE,Marri Laxman Reddy Institute of Technology and Management - CIVIL,National Institute of Technology Warangal - MECH,Jayamukhi Institute of Technological Sciences - ECE,"JNTUH University College of Engineering, Jagtial - MECH"
S0878,Riya Shetty 0878,756,89,192726,BC-E,"JNTUH University College of Engineering, Sultanpur - CSE-AIML",Siddhartha Institute of Technology and Sciences - MECH,Kamala Nehru Polytechnic College for Women - CIVIL,KG Reddy College of Engineering and Technology - EEE,"JNTUH University College of Engineering, Manthani - CIVIL"
S0879,Rohit Iyer 0879,884,121,33075,BC-C,MLR Institute of Technology - MECH,Vardhaman College of Engineering - CSE-AIML,Balaji Institute of Technology and Science - CIVIL,"University College of Engineering, Osmania University - CIVIL",CMR Institute of Technology - ECE
S0880,Sai Patel 0880,820,95,115983,BC-E,Maturi Venkata Subba Rao Engineering College - CSE-AIML,Keshav Memorial Institute of Technology - CSE,CMR Institute of Technology - ECE,Siddhartha Institute of Technology and Sciences - ECE,Vasavi College of Engineering - EEE
S0881,Sanjana Nair 0881,926,127,23665,OC,Princeton Institute of Engineering and Technology for Women - MECH,CMR Institute of Technology - MECH,B V Raju Institute of Technology - CSE-AIML,Maturi Venkata Subba Rao Engineering College - CSE-AIML,Keshav Memorial Institute of Technology - ECE
S0882,Sanjay Singh 0882,837,85,166675,SC,"JNTUH University College of Engineering, Palair - EEE",Vasavi College of Engineering - CSE-AIML,"JNTUH University College of Engineering, Mahabubabad - EEE",Samskruti College of Engineering and Technology - ECE,Sphoorthy Engineering College - CSE
S0883,Sathvik Rao 0883,791,73,185916,SC,Malla Reddy Engineering College - CIVIL,B V Raju Institute of Technology - CSE-AIML,Chaitanya Bharathi Institute of Technology - ECE,Malla Reddy University - ECE,Malla Reddy Engineering College - MECH
S0884,Shreya Shetty 0884,869,121,59269,BC-A,Samskruti College of Engineering and Technology - CIVIL,Siddhartha Institute of Technology and Sciences - EEE,Nalla Malla Reddy Engineering College - EEE,VNR Vignana Jyothi Institute of Engineering and Technology - CSE,"JNTUH University College of Engineering, Palair - CSE-AIML"
S0885,Siddharth Sharma 0885,930,138,16958,OC,"JNTUH University College of Engineering, Hyderabad - CSE-AIML",Chaitanya Bharathi Institute of Technology - CSE-AIML,Princeton Institute of Engineering and Technology for Women - CIVIL,VNR Vignana Jyothi Institute of Engineering and Technology - MECH,"JNTUH University College of Engineering, Hyderabad - CIVIL"
S0886,Sneha Deshmukh 0886,876,115,68635,OC,Guru Nanak Institutions Technical Campus - CIVIL,Nalgonda Institute of Technology and Science - MECH,Gokaraju Rangaraju Institute of Engineering and Technology - CSE,B V Raju Institute of Technology - EEE,CVR College of Engineering - MECH
S0887,Srinivas Naidu 0887,926,140,17385,OC,Kamala Nehru Polytechnic College for Women - ECE,SR University - EEE,"JNTUH University College of Engineering, Hyderabad - ECE",Vardhaman College of Engineering - MECH,Samskruti College of Engineering and Technology - CSE-AIML
S0888,Srujana Prasad 0888,881,118,51633,OC,Malla Reddy Engineering College - CSE,CMR Institute of Technology - CIVIL,Kamala Nehru Polytechnic College for Women - EEE,CMR College of Engineering & Technology - EEE,Malla Reddy Engineering College - CIVIL
S0889,Teja Deshmukh 0889,873,134,36812,SC,"JNTUH University College of Engineering, Palair - ECE",MLR Institute of Technology - CSE,Vaagdevi Engineering College - CSE-AIML,Vaagdevi Engineering College - MECH,Siddhartha Institute of Technology and Sciences - MECH
S0890,Varun Khan 0890,851,102,153577,BC-D,Malla Reddy Engineering College - ECE,"JNTUH University College of Engineering, Hyderabad - CIVIL",Muffakham Jah College of Engineering and Technology - MECH,Siddhartha Institute of Technology and Sciences - ECE,Sphoorthy Engineering College - ECE
S0891,Vamshi Reddy 0891,892,142,16870,BC-B,Gokaraju Rangaraju Institute of Engineering and Technology - CIVIL,Vardhaman College of Engineering - MECH,CMR Technical Campus - ECE,Mahatma Gandhi Institute of Technology - MECH,Balaji Institute of Technology and Science - CIVIL
S0892,Vishal Patel 0892,966,149,6264,EWS,B V Raju Institute of Technology - CSE-AIML,Anurag Engineering College - CSE,Maturi Venkata Subba Rao Engineering College - ECE,"JNTUH University College of Engineering, Hyderabad - CSE",KG Reddy College of Engineering and Technology - CSE-AIML
S0893,Yash Chowdary 0893,840,90,157021,OC,Balaji Institute of Technology and Science - EEE,"JNTUH University College of Engineering, Manthani - CSE",Nalgonda Institute of Technology and Science - EEE,Siddhartha Institute of Technology and Sciences - MECH,Vaagdevi Engineering College - EEE
S0894,Anusha Singh 0894,914,116,52697,BC-D,Malla Reddy Engineering College - MECH,CMR Institute of Technology - ECE,Nalla Malla Reddy Engineering College - MECH,B V Raju Institute of Technology - ECE,Institute of Aeronautical Engineering - CSE-AIML
S0895,Bhargav Bhat 0895,840,70,200962,BC-A,"JNTUH University College of Engineering, Palair - CSE",Siddhartha Institute of Technology and Sciences - MECH,Jayamukhi Institute of Technological Sciences - CIVIL,CMR Institute of Technology - ECE,Mahatma Gandhi Institute of Technology - CSE
S0896,Hemanth Varma 0896,763,61,246203,BC-A,Malla Reddy Engineering College - CSE-AIML,Jyothishmathi Institute of Technology and Science - MECH,Vardhaman College of Engineering - EEE,"JNTUH University College of Engineering, Mahabubabad - CSE",Chaitanya Bharathi Institute of Technology - ECE
S0897,Mounika Chowdary 0897,856,121,57220,EWS,Sreenidhi Institute of Science and Technology - CSE,CVR College of Engineering - CSE-AIML,MVSR Engineering College - MECH,Muffakham Jah College of Engineering and Technology - ECE,CMR Institute of Technology - EEE
S0898,Navya Patel 0898,806,109,87646,BC-E,Mahatma Gandhi Institute of Technology - CSE-AIML,"University College of Engineering, Rajanna Sircilla - CSE-AIML","JNTUH University College of Engineering, Jagtial - CSE-AIML",Vardhaman College of Engineering - CIVIL,Mahathma Gandhi University College of Engineering and Technology - MECH
S0899,Pavan Iyer 0899,822,113,101257,OC,Anurag Engineering College - CSE,Samskruti College of Engineering and Technology - ECE,Samskruti College of Engineering and Technology - CIVIL,Chaitanya Bharathi Institute of Technology - MECH,National Institute of Technology Warangal - ECE
S0900,Swathi Singh 0900,782,62,218276,EWS,Anurag University - EEE,Balaji Institute of Technology and Science - EEE,CMR Institute of Technology - CSE-AIML,Malla Reddy University - CSE-AIML,Institute of Aeronautical Engineering - CSE
S0901,Aarav Yadav 0901,970,153,5064,EWS,Sphoorthy Engineering College - CSE,CMR Technical Campus - MECH,Balaji Institute of Technology and Science - ECE,Institute of Aeronautical Engineering - CSE,Guru Nanak Institutions Technical Campus - EEE
S0902,Aditya Shetty 0902,902,129,54517,OC,Anurag University - EEE,"JNTUH University College of Engineering, Sultanpur - CIVIL",CMR Technical Campus - CSE,Balaji Institute of Technology and Science - MECH,VNR Vignana Jyothi Institute of Engineering and Technology - ECE
S0903,Akash Goud 0903,782,74,172152,SC,Keshav Memorial Institute of Technology - MECH,Samskruti College of Engineering and Technology - MECH,MLR Institute of Technology - MECH,Guru Nanak Institutions Technical Campus - MECH,Vardhaman College of Engineering - CSE
S0904,Akshay Murthy 0904,826,77,225263,BC-E,"JNTUH University College of Engineering, Wanaparthy - CIVIL",Keshav Memorial Institute of Technology - EEE,Vardhaman College of Engineering - ECE,"JNTUH University College of Engineering, Wanaparthy - MECH",Sreenidhi Institute of Science and Technology - CIVIL
S0905,Ananya Khan 0905,802,81,196471,SC,CVR College of Engineering - CSE,"JNTUH University College of Engineering, Palair - CSE",Malla Reddy Engineering College and Management Sciences - CSE,Sphoorthy Engineering College - CIVIL,Chaitanya Bharathi Institute of Technology - CSE-AIML
S0906,Anjali Nair 0906,862,101,104815,OC,Marri Laxman Reddy Institute of Technology and Management - CIVIL,Vardhaman College of Engineering - EEE,"JNTUH University College of Engineering, Wanaparthy - CSE-AIML",Princeton Institute of Engineering and Technology for Women - CSE-AIML,Gokaraju Rangaraju Institute of Engineering and Technology - CSE-AIML
S0907,Arjun Murthy 0907,816,65,203887,BC-C,National Institute of Technology Warangal - ECE,"JNTUH University College of Engineering, Hyderabad - CSE-AIML",Gokaraju Rangaraju Institute of Engineering and Technology - CSE,Anurag University - MECH,Mahatma Gandhi Institute of Technology - CIVIL
S0908,Bhavya Naidu 0908,836,88,133606,OC,Kamala Nehru Polytechnic College for Women - MECH,Jyothishmathi Institute of Technology and Science - EEE,Malla Reddy Engineering College and Management Sciences - ECE,KITS Warangal - CIVIL,CMR Technical Campus - CSE-AIML
S0909,Charan Nair 0909,857,88,173948,OC,Balaji Institute of Technology and Science - MECH,Mahathma Gandhi University College of Engineering and Technology - ECE,Vardhaman College of Engineering - EEE,Vardhaman College of Engineering - CSE-AIML,Kakatiya Institute of Technology and Science - CSE-AIML
S0910,Chaitanya Goud 0910,856,129,47679,OC,"University College of Engineering, Kakatiya University - ECE",Kamala Nehru Polytechnic College for Women - CSE,CMR Technical Campus - ECE,Guru Nanak Institutions Technical Campus - EEE,MLR Institute of Technology - MECH
S0911,Deepak Shetty 0911,935,135,20914,BC-B,Kamala Nehru Polytechnic College for Women - CIVIL,Institute of Aeronautical Engineering - EEE,Kamala Nehru Polytechnic College for Women - CSE,Anurag Engineering College - ECE,CMR Technical Campus - CSE-AIML
S0912,Divya Singh 0912,922,117,56501,SC,Malla Reddy Engineering College and Management Sciences - ECE,CMR Technical Campus - CSE-AIML,Marri Laxman Reddy Institute of Technology and Management - MECH,Marri Laxman Reddy Institute of Technology and Management - CSE-AIML,Maturi Venkata Subba Rao Engineering College - ECE
S0913,Harsha Varma 0913,824,95,157630,BC-D,Nalla Malla Reddy Engineering College - EEE,Vaagdevi Engineering College - ECE,Nalgonda Institute of Technology and Science - CSE,Maturi Venkata Subba Rao Engineering College - ECE,VNR Vignana Jyothi Institute of Engineering and Technology - CSE
S0914,Ishita Bhat 0914,916,143,13032,EWS,Jayamukhi Institute of Technological Sciences - CSE,Kakatiya Institute of Technology and Science - ECE,Keshav Memorial Institute of Technology - EEE,"University College of Engineering, Kakatiya University - CIVIL","University College of Engineering, Rajanna Sircilla - EEE"
S0915,Karthik Bhat 0915,777,70,244540,BC-B,SR University - EEE,CMR Institute of Technology - CSE,Mahathma Gandhi University College of Engineering and Technology - ECE,Malla Reddy Engineering College - EEE,MVSR Engineering College - CIVIL
S0916,Keerthana Kumar 0916,815,77,220321,SC,Nalgonda Institute of Technology and Science - CSE-AIML,CMR College of Engineering & Technology - MECH,"JNTUH University College of Engineering, Palair - CIVIL",MLR Institute of Technology - ECE,Marri Laxman Reddy Institute of Technology and Management - ECE
S0917,Krishna Singh 0917,979,145,350,OC,"JNTUH University College of Engineering, Wanaparthy - EEE",Siddhartha Institute of Technology and Sciences - CSE,KITS Warangal - CSE,Chaitanya Bharathi Institute of Technology - CSE,Guru Nanak Institutions Technical Campus - EEE
S0918,Lakshmi Goud 0918,872,127,91776,EWS,Malla Reddy Engineering College - EEE,Samskruti College of Engineering and Technology - CIVIL,KITS Warangal - CSE-AIML,Nalgonda Institute of Technology and Science - CSE-AIML,Vaagdevi Engineering College - CIVIL
S0919,Manoj Prasad 0919,878,147,11356,SC,"JNTUH University College of Engineering, Sultanpur - ECE","JNTUH University College of Engineering, Sultanpur - CSE",Keshav Memorial Institute of Technology - EEE,CMR College of Engineering & Technology - CSE,MVSR Engineering College - EEE
S0920,Meghana Yadav 0920,953,145,28892,EWS,Nalla Malla Reddy Engineering College - CSE-AIML,B V Raju Institute of Technology - ECE,Jyothishmathi Institute of Technology and Science - ECE,"University College of Engineering, Rajanna Sircilla - ECE",Princeton Institute of Engineering and Technology for Women - ECE
S0921,Nandini Goud 0921,825,62,241155,EWS,SR University - CIVIL,Vardhaman College of Engineering - CSE,Mahatma Gandhi Institute of Technology - CIVIL,KITS Warangal - CSE,Nalgonda Institute of Technology and Science - CSE-AIML
S0922,Nikhil Iyer 0922,920,127,17786,OC,Marri Laxman Reddy Institute of Technology and Management - ECE,Institute of Aeronautical Engineering - CIVIL,Jayamukhi Institute of Technological Sciences - CIVIL,KITS Warangal - ECE,Malla Reddy University - CSE-AIML
S0923,Pooja Varma 0923,860,99,127372,BC-B,"University College of Engineering, Kakatiya University - CSE-AIML","University College of Engineering, Rajanna Sircilla - CIVIL",CVR College of Engineering - CIVIL,Malla Reddy Engineering College - CSE,KITS Warangal - MECH
S0924,Pranav Patel 0924,889,126,19022,BC-E,MLR Institute of Technology - MECH,Sreenidhi Institute of Science and Technology - CSE,Guru Nanak Institute of Technology - CIVIL,Jayamukhi Institute of Technological Sciences - MECH,Gokaraju Rangaraju Institute of Engineering and Technology - CSE-AIML
S0925,Priya Sharma 0925,848,84,148200,OC,SR University - CIVIL,Vaagdevi Engineering College - CSE-AIML,National Institute of Technology Warangal - EEE,Keshav Memorial Institute of Technology - EEE,Keshav Memorial Institute of Technology - ECE
S0926,Rahul Yadav 0926,806,81,178981,OC,Malla Reddy Engineering College and Management Sciences - MECH,Institute of Aeronautical Engineering - CIVIL,MLR Institute of Technology - CSE-AIML,Nalla Malla Reddy Engineering College - CSE,Malla Reddy Engineering College and Management Sciences - CSE
S0927,Rakesh Deshmukh 0927,851,83,137482,SC,Vasavi College of Engineering - CSE,Princeton Institute of Engineering and Technology for Women - CSE,SR University - CSE,Sreenidhi Institute of Science and Technology - CIVIL,Princeton Institute of Engineering and Technology for Women - EEE
S0928,Riya Nair 0928,818,94,131217,SC,Kakatiya Institute of Technology and Science - MECH,Maturi Venkata Subba Rao Engineering College - CIVIL,Malla Reddy Engineering College - ECE,"JNTUH University College of Engineering, Palair - CIVIL",Kamala Nehru Polytechnic College for Women - MECH
S0929,Rohit Prasad 0929,871,116,63158,OC,Malla Reddy Engineering College and Management Sciences - EEE,CMR Institute of Technology - CIVIL,Mahatma Gandhi Institute of Technology - MECH,Maturi Venkata Subba Rao Engineering College - CSE-AIML,Vaagdevi Engineering College - ECE
S0930,Sai Kumar 0930,837,79,180105,ST,"JNTUH University College of Engineering, Manthani - CIVIL",Kamala Nehru Polytechnic College for Women - CIVIL,Chaitanya Bharathi Institute of Technology - EEE,SR University - CIVIL,Nalgonda Institute of Technology and Science - EEE
S0931,Sanjana Goud 0931,827,88,138363,OC,Vasavi College of Engineering - CSE,Gokaraju Rangaraju Institute of Engineering and Technology - CSE-AIML,Malla Reddy Engineering College and Management Sciences - CIVIL,MVSR Engineering College - ECE,Malla Reddy Engineering College and Management Sciences - MECH
S0932,Sanjay Bhat 0932,957,160,3447,OC,CMR Technical Campus - MECH,Muffakham Jah College of Engineering and Technology - ECE,Vardhaman College of Engineering - CSE-AIML,Malla Reddy University - MECH,Princeton Institute of Engineering and Technology for Women - CSE
S0933,Sathvik Chowdary 0933,805,71,224680,BC-D,CMR Technical Campus - CSE,KG Reddy College of Engineering and Technology - EEE,Mahathma Gandhi University College of Engineering and Technology - CIVIL,CVR College of Engineering - CSE,Nalgonda Institute of Technology and Science - EEE
S0934,Shreya Murthy 0934,905,111,78770,SC,KITS Warangal - ECE,"JNTUH University College of Engineering, Jagtial - EEE",Gokaraju Rangaraju Institute of Engineering and Technology - CSE-AIML,"JNTUH University College of Engineering, Jagtial - CIVIL",Nalgonda Institute of Technology and Science - MECH
S0935,Siddharth Deshmukh 0935,948,142,15717,BC-C,Guru Nanak Institute of Technology - EEE,Kamala Nehru Polytechnic College for Women - CSE-AIML,Siddhartha Institute of Technology and Sciences - EEE,KG Reddy College of Engineering and Technology - CSE-AIML,KITS Warangal - CIVIL
S0936,Sneha Verma 0936,847,87,137878,BC-E,B V Raju Institute of Technology - EEE,"JNTUH University College of Engineering, Mahabubabad - CIVIL",Malla Reddy Engineering College - MECH,Anurag University - EEE,National Institute of Technology Warangal - CIVIL
S0937,Srinivas Rao 0937,934,110,72490,BC-B,Princeton Institute of Engineering and Technology for Women - EEE,Samskruti College of Engineering and Technology - CIVIL,Anurag Engineering College - ECE,Mahathma Gandhi University College of Engineering and Technology - ECE,Mahatma Gandhi Institute of Technology - CSE-AIML
S0938,Srujana Rao 0938,810,82,246744,BC-B,"University College of Engineering, Kakatiya University - CSE-AIML",CMR Institute of Technology - EEE,Vaagdevi Engineering College - CIVIL,Sphoorthy Engineering College - CSE,Marri Laxman Reddy Institute of Technology and Management - MECH
S0939,Teja Bhat 0939,944,149,1952,SC,SR University - CSE,Anurag University - CIVIL,"JNTUH University College of Engineering, Mahabubabad - ECE","JNTUH University College of Engineering, Hyderabad - CSE",B V Raju Institute of Technology - EEE
S0940,Varun Naidu 0940,910,117,90088,OC,"JNTUH University College of Engineering, Palair - CSE-AIML","JNTUH University College of Engineering, Manthani - MECH",Jyothishmathi Institute of Technology and Science - MECH,Kakatiya Institute of Technology and Science - EEE,"University College of Engineering, Rajanna Sircilla - ECE"
S0941,Vamshi Rao 0941,814,68,181249,ST,"JNTUH University College of Engineering, Manthani - EEE",MVSR Engineering College - EEE,CMR Technical Campus - CSE,"JNTUH University College of Engineering, Jagtial - MECH",Anurag University - ECE
S0942,Vishal Iyer 0942,887,125,45339,BC-A,Kamala Nehru Polytechnic College for Women - CSE-AIML,Marri Laxman Reddy Institute of Technology and Management - MECH,Princeton Institute of Engineering and Technology for Women - EEE,B V Raju Institute of Technology - CIVIL,MLR Institute of Technology - CSE-AIML
S0943,Yash Kumar 0943,855,110,67073,SC,National Institute of Technology Warangal - ECE,Vaagdevi Engineering College - CSE,Sreenidhi Institute of Science and Technology - EEE,MVSR Engineering College - MECH,Sreenidhi Institute of Science and Technology - CSE
S0944,Anusha Nair 0944,925,142,14853,SC,MLR Institute of Technology - ECE,Siddhartha Institute of Technology and Sciences - CSE,Kamala Nehru Polytechnic College for Women - EEE,Muffakham Jah College of Engineering and Technology - CIVIL,Kakatiya Institute of Technology and Science - CIVIL
S0945,Bhargav Varma 0945,940,141,20110,BC-D,MVSR Engineering College - ECE,Siddhartha Institute of Technology and Sciences - CSE-AIML,"JNTUH University College of Engineering, Manthani - CSE-AIML",KG Reddy College of Engineering and Technology - EEE,"JNTUH University College of Engineering, Mahabubabad - MECH"
S0946,Hemanth Sharma 0946,857,130,38129,OC,Princeton Institute of Engineering and Technology for Women - CIVIL,Jyothishmathi Institute of Technology and Science - MECH,CMR Technical Campus - CSE,Mahatma Gandhi Institute of Technology - CSE,Mahathma Gandhi University College of Engineering and Technology - MECH
S0947,Mounika Khan 0947,866,102,85342,SC,Marri Laxman Reddy Institute of Technology and Management - ECE,Malla Reddy Engineering College and Management Sciences - CIVIL,Malla Reddy Engineering College - ECE,Vaagdevi Engineering College - CSE-AIML,"JNTUH University College of Engineering, Palair - CIVIL"
S0948,Navya Iyer 0948,854,115,47326,BC-C,Nalla Malla Reddy Engineering College - CIVIL,Muffakham Jah College of Engineering and Technology - CSE-AIML,Vaagdevi Engineering College - ECE,Institute of Aeronautical Engineering - EEE,Keshav Memorial Institute of Technology - MECH
S0949,Pavan Patel 0949,845,76,216716,OC,Mahatma Gandhi Institute of Technology - ECE,"JNTUH University College of Engineering, Hyderabad - MECH",Balaji Institute of Technology and Science - ECE,Kamala Nehru Polytechnic College for Women - EEE,Sreenidhi Institute of Science and Technology - ECE
S0950,Swathi Kumar 0950,915,141,26242,OC,Balaji Institute of Technology and Science - CSE,Maturi Venkata Subba Rao Engineering College - MECH,Maturi Venkata Subba Rao Engineering College - CSE-AIML,Mahatma Gandhi Institute of Technology - CSE,Gokaraju Rangaraju Institute of Engineering and Technology - MECH
S0951,Aarav Khan 0951,990,160,1026,SC,Muffakham Jah College of Engineering and Technology - MECH,B V Raju Institute of Technology - CSE-AIML,CVR College of Engineering - MECH,"JNTUH University College of Engineering, Sultanpur - CSE","JNTUH University College of Engineering, Wanaparthy - ECE"
S0952,Aditya Shetty 0952,861,115,93678,ST,Malla Reddy University - CSE-AIML,Malla Reddy Engineering College and Management Sciences - EEE,Sphoorthy Engineering College - ECE,Guru Nanak Institute of Technology - MECH,Sreenidhi Institute of Science and Technology - CSE-AIML
S0953,Akash Kumar 0953,807,92,120884,OC,CMR Institute of Technology - MECH,KG Reddy College of Engineering and Technology - ECE,Jayamukhi Institute of Technological Sciences - EEE,KITS Warangal - ECE,"University College of Engineering, Rajanna Sircilla - CSE-AIML"
S0954,Akshay Deshmukh 0954,789,60,244836,SC,"JNTUH University College of Engineering, Palair - MECH",National Institute of Technology Warangal - CIVIL,Institute of Aeronautical Engineering - ECE,Malla Reddy Engineering College and Management Sciences - ECE,Guru Nanak Institutions Technical Campus - CSE-AIML
S0955,Ananya Murthy 0955,989,124,36834,OC,"University College of Engineering, Osmania University - MECH","JNTUH University College of Engineering, Sultanpur - EEE","JNTUH University College of Engineering, Mahabubabad - EEE",Nalgonda Institute of Technology and Science - ECE,CMR Technical Campus - ECE
S0956,Anjali Murthy 0956,836,95,152373,SC,Maturi Venkata Subba Rao Engineering College - ECE,"JNTUH University College of Engineering, Hyderabad - CSE",Nalgonda Institute of Technology and Science - ECE,CVR College of Engineering - MECH,KITS Warangal - CSE-AIML
S0957,Arjun Murthy 0957,956,138,14854,EWS,"JNTUH University College of Engineering, Hyderabad - ECE",CVR College of Engineering - MECH,Princeton Institute of Engineering and Technology for Women - CIVIL,KITS Warangal - CSE-AIML,"JNTUH University College of Engineering, Jagtial - CIVIL"
S0958,Bhavya Iyer 0958,907,133,14610,SC,Malla Reddy Engineering College and Management Sciences - CSE-AIML,Siddhartha Institute of Technology and Sciences - CIVIL,Nalgonda Institute of Technology and Science - EEE,SR University - MECH,MVSR Engineering College - MECH
S0959,Charan Goud 0959,899,136,30378,OC,MLR Institute of Technology - CSE-AIML,Nalla Malla Reddy Engineering College - MECH,Muffakham Jah College of Engineering and Technology - EEE,CVR College of Engineering - CSE-AIML,Malla Reddy Engineering College and Management Sciences - EEE
S0960,Chaitanya Iyer 0960,834,69,211730,SC,"JNTUH University College of Engineering, Sultanpur - EEE",Nalla Malla Reddy Engineering College - MECH,Mahatma Gandhi Institute of Technology - ECE,Vaagdevi Engineering College - CIVIL,National Institute of Technology Warangal - MECH
S0961,Deepak Kumar 0961,847,69,209639,BC-D,MLR Institute of Technology - CSE,Muffakham Jah College of Engineering and Technology - CSE,VNR Vignana Jyothi Institute of Engineering and Technology - ECE,Nalla Malla Reddy Engineering College - ECE,Nalgonda Institute of Technology and Science - CSE
S0962,Divya Deshmukh 0962,861,77,158046,OC,Guru Nanak Institutions Technical Campus - CSE-AIML,Samskruti College of Engineering and Technology - EEE,Sphoorthy Engineering College - EEE,"JNTUH University College of Engineering, Sultanpur - CIVIL",CMR Institute of Technology - EEE
S0963,Harsha Nair 0963,876,130,38180,BC-C,Marri Laxman Reddy Institute of Technology and Management - ECE,"JNTUH University College of Engineering, Hyderabad - CSE",MVSR Engineering College - CSE,CVR College of Engineering - CIVIL,B V Raju Institute of Technology - MECH
S0964,Ishita Patel 0964,845,119,55926,ST,"JNTUH University College of Engineering, Wanaparthy - CSE","JNTUH University College of Engineering, Jagtial - MECH",Malla Reddy Engineering College and Management Sciences - MECH,Muffakham Jah College of Engineering and Technology - EEE,"JNTUH University College of Engineering, Manthani - MECH"
S0965,Karthik Varma 0965,896,149,11716,EWS,SR University - CIVIL,"University College of Engineering, Kakatiya University - MECH",Muffakham Jah College of Engineering and Technology - CSE-AIML,Mahathma Gandhi University College of Engineering and Technology - CIVIL,KITS Warangal - CSE-AIML
S0966,Keerthana Chowdary 0966,892,129,28130,SC,"University College of Engineering, Rajanna Sircilla - CIVIL","JNTUH University College of Engineering, Jagtial - CSE-AIML",Malla Reddy University - EEE,"JNTUH University College of Engineering, Palair - CSE",Mahathma Gandhi University College of Engineering and Technology - EEE
S0967,Krishna Nair 0967,842,100,114869,BC-D,"JNTUH University College of Engineering, Jagtial - ECE","JNTUH University College of Engineering, Sultanpur - ECE","JNTUH University College of Engineering, Palair - CIVIL",Siddhartha Institute of Technology and Sciences - MECH,Institute of Aeronautical Engineering - EEE
S0968,Lakshmi Patel 0968,817,77,231572,OC,Vardhaman College of Engineering - ECE,Muffakham Jah College of Engineering and Technology - ECE,Mahathma Gandhi University College of Engineering and Technology - CIVIL,Siddhartha Institute of Technology and Sciences - CSE,Sreenidhi Institute of Science and Technology - MECH
S0969,Manoj Rao 0969,816,98,94386,BC-C,CMR Institute of Technology - EEE,Mahathma Gandhi University College of Engineering and Technology - EEE,Sreenidhi Institute of Science and Technology - MECH,Keshav Memorial Institute of Technology - CSE,Nalla Malla Reddy Engineering College - EEE
S0970,Meghana Prasad 0970,825,117,96406,BC-E,VNR Vignana Jyothi Institute of Engineering and Technology - CSE-AIML,Kakatiya Institute of Technology and Science - CIVIL,"JNTUH University College of Engineering, Jagtial - CSE-AIML",KG Reddy College of Engineering and Technology - CIVIL,Anurag Engineering College - EEE
S0971,Nandini Verma 0971,839,88,156523,BC-C,"JNTUH University College of Engineering, Manthani - ECE",Mahatma Gandhi Institute of Technology - CSE-AIML,"JNTUH University College of Engineering, Sultanpur - EEE",Nalla Malla Reddy Engineering College - CSE-AIML,Chaitanya Bharathi Institute of Technology - CSE
S0972,Nikhil Patel 0972,802,66,240968,SC,Anurag University - CSE-AIML,MLR Institute of Technology - CIVIL,"University College of Engineering, Kakatiya University - CIVIL",Malla Reddy University - CIVIL,"JNTUH University College of Engineering, Hyderabad - ECE"
S0973,Pooja Shetty 0973,897,133,32227,EWS,Balaji Institute of Technology and Science - EEE,CMR Institute of Technology - CSE-AIML,CMR College of Engineering & Technology - CIVIL,Princeton Institute of Engineering and Technology for Women - EEE,Gokaraju Rangaraju Institute of Engineering and Technology - ECE
S0974,Pranav Singh 0974,970,140,17172,BC-D,Nalla Malla Reddy Engineering College - CSE,National Institute of Technology Warangal - EEE,B V Raju Institute of Technology - CSE-AIML,Sphoorthy Engineering College - ECE,Jayamukhi Institute of Technological Sciences - ECE
S0975,Priya Naidu 0975,903,139,13903,ST,KG Reddy College of Engineering and Technology - EEE,"University College of Engineering, Kakatiya University - ECE",MVSR Engineering College - EEE,Sphoorthy Engineering College - ECE,"JNTUH University College of Engineering, Jagtial - EEE"
S0976,Rahul Verma 0976,947,139,17384,OC,Sreenidhi Institute of Science and Technology - CIVIL,"University College of Engineering, Kakatiya University - CSE",Princeton Institute of Engineering and Technology for Women - CSE,"JNTUH University College of Engineering, Hyderabad - MECH",CMR Technical Campus - MECH
S0977,Rakesh Iyer 0977,938,149,11013,OC,Guru Nanak Institutions Technical Campus - EEE,Malla Reddy Engineering College and Management Sciences - CIVIL,MVSR Engineering College - MECH,Institute of Aeronautical Engineering - MECH,Mahatma Gandhi Institute of Technology - CIVIL
S0978,Riya Iyer 0978,840,108,120430,BC-B,Jayamukhi Institute of Technological Sciences - CSE-AIML,Samskruti College of Engineering and Technology - EEE,"JNTUH University College of Engineering, Jagtial - EEE",Vaagdevi Engineering College - EEE,Princeton Institute of Engineering and Technology for Women - CSE-AIML
S0979,Rohit Shetty 0979,862,125,60617,SC,Samskruti College of Engineering and Technology - EEE,MVSR Engineering College - ECE,KG Reddy College of Engineering and Technology - CSE-AIML,Malla Reddy Engineering College and Management Sciences - CSE,Nalgonda Institute of Technology and Science - CSE-AIML
S0980,Sai Goud 0980,831,121,74115,OC,KG Reddy College of Engineering and Technology - EEE,Jayamukhi Institute of Technological Sciences - MECH,Maturi Venkata Subba Rao Engineering College - CIVIL,"University College of Engineering, Kakatiya University - CSE",MLR Institute of Technology - ECE
S0981,Sanjana Murthy 0981,796,90,166363,ST,CVR College of Engineering - CSE-AIML,Malla Reddy University - MECH,CVR College of Engineering - EEE,Vasavi College of Engineering - EEE,Samskruti College of Engineering and Technology - MECH
S0982,Sanjay Prasad 0982,865,113,73602,BC-D,Marri Laxman Reddy Institute of Technology and Management - CSE-AIML,Maturi Venkata Subba Rao Engineering College - CSE-AIML,Vardhaman College of Engineering - CIVIL,Kakatiya Institute of Technology and Science - CIVIL,Malla Reddy Engineering College and Management Sciences - ECE
S0983,Sathvik Bhat 0983,827,90,120138,BC-D,Jyothishmathi Institute of Technology and Science - CSE,Jayamukhi Institute of Technological Sciences - CIVIL,Kamala Nehru Polytechnic College for Women - CIVIL,Guru Nanak Institutions Technical Campus - ECE,KG Reddy College of Engineering and Technology - CSE
S0984,Shreya Patel 0984,825,93,127366,SC,"University College of Engineering, Kakatiya University - CIVIL","JNTUH University College of Engineering, Mahabubabad - CIVIL",Gokaraju Rangaraju Institute of Engineering and Technology - CSE-AIML,Kakatiya Institute of Technology and Science - CSE-AIML,Malla Reddy Engineering College - ECE
S0985,Siddharth Khan 0985,852,96,107141,ST,Anurag University - CSE-AIML,"JNTUH University College of Engineering, Manthani - CIVIL",Vaagdevi Engineering College - MECH,VNR Vignana Jyothi Institute of Engineering and Technology - ECE,Malla Reddy Engineering College and Management Sciences - CSE
S0986,Sneha Verma 0986,977,153,5889,OC,"JNTUH University College of Engineering, Mahabubabad - MECH",Nalgonda Institute of Technology and Science - ECE,Institute of Aeronautical Engineering - CSE-AIML,Kamala Nehru Polytechnic College for Women - EEE,"University College of Engineering, Kakatiya University - CSE"
S0987,Srinivas Nair 0987,894,100,62540,SC,Guru Nanak Institutions Technical Campus - MECH,Anurag University - EEE,"JNTUH University College of Engineering, Wanaparthy - CSE-AIML",Kamala Nehru Polytechnic College for Women - CSE,Vardhaman College of Engineering - CIVIL
S0988,Srujana Prasad 0988,940,143,8138,BC-C,Guru Nanak Institutions Technical Campus - ECE,Guru Nanak Institute of Technology - CSE,Chaitanya Bharathi Institute of Technology - CSE,SR University - CIVIL,Sphoorthy Engineering College - EEE
S0989,Teja Iyer 0989,863,123,53700,ST,Institute of Aeronautical Engineering - CSE-AIML,Keshav Memorial Institute of Technology - ECE,Muffakham Jah College of Engineering and Technology - CIVIL,Sreenidhi Institute of Science and Technology - MECH,National Institute of Technology Warangal - CIVIL
S0990,Varun Sharma 0990,857,108,91815,OC,Maturi Venkata Subba Rao Engineering College - CIVIL,Gokaraju Rangaraju Institute of Engineering and Technology - MECH,"JNTUH University College of Engineering, Mahabubabad - ECE",Balaji Institute of Technology and Science - CSE,SR University - CSE
S0991,Vamshi Verma 0991,850,96,133603,SC,"JNTUH University College of Engineering, Sultanpur - CIVIL",KITS Warangal - MECH,"University College of Engineering, Osmania University - CSE","JNTUH University College of Engineering, Jagtial - CSE",National Institute of Technology Warangal - MECH
S0992,Vishal Khan 0992,916,146,10445,OC,Guru Nanak Institute of Technology - CIVIL,Guru Nanak Institute of Technology - ECE,Malla Reddy Engineering College - CSE,Mahatma Gandhi Institute of Technology - ECE,CMR Institute of Technology - CIVIL
S0993,Yash Chowdary 0993,883,101,78811,OC,Vardhaman College of Engineering - ECE,"JNTUH University College of Engineering, Manthani - ECE","JNTUH University College of Engineering, Sultanpur - ECE",Vaagdevi Engineering College - CSE-AIML,Sphoorthy Engineering College - CSE-AIML
S0994,Anusha Naidu 0994,863,115,92133,ST,"JNTUH University College of Engineering, Manthani - CSE-AIML",Gokaraju Rangaraju Institute of Engineering and Technology - CIVIL,Guru Nanak Institute of Technology - CSE,National Institute of Technology Warangal - CIVIL,Muffakham Jah College of Engineering and Technology - CSE
S0995,Bhargav Khan 0995,884,115,81585,OC,Princeton Institute of Engineering and Technology for Women - CSE-AIML,Nalla Malla Reddy Engineering College - ECE,"JNTUH University College of Engineering, Palair - CIVIL",Princeton Institute of Engineering and Technology for Women - CIVIL,Kamala Nehru Polytechnic College for Women - CSE-AIML
S0996,Hemanth Rao 0996,947,120,76381,BC-B,National Institute of Technology Warangal - CIVIL,Kamala Nehru Polytechnic College for Women - EEE,Institute of Aeronautical Engineering - CIVIL,Samskruti College of Engineering and Technology - EEE,Malla Reddy Engineering College - CSE-AIML
S0997,Mounika Singh 0997,898,123,49294,SC,Maturi Venkata Subba Rao Engineering College - EEE,"JNTUH University College of Engineering, Palair - CSE-AIML","JNTUH University College of Engineering, Sultanpur - CIVIL",SR University - ECE,Marri Laxman Reddy Institute of Technology and Management - ECE
S0998,Navya Shetty 0998,845,86,150861,OC,Balaji Institute of Technology and Science - CSE,CVR College of Engineering - MECH,Keshav Memorial Institute of Technology - CIVIL,Balaji Institute of Technology and Science - ECE,Kakatiya Institute of Technology and Science - CSE
S0999,Pavan Nair 0999,837,101,126645,OC,MLR Institute of Technology - CSE-AIML,Institute of Aeronautical Engineering - CSE-AIML,SR University - MECH,Anurag Engineering College - MECH,Gokaraju Rangaraju Institute of Engineering and Technology - EEE
S1000,Swathi Verma 1000,846,78,173867,EWS,Malla Reddy Engineering College and Management Sciences - CIVIL,B V Raju Institute of Technology - EEE,Balaji Institute of Technology and Science - EEE,Anurag University - CSE-AIML,KG Reddy College of Engineering and Technology - ECE
